customer_id,external_id,email,state,segment,signup_date,last_update
CUST_00000,EXT_00655,userext_00655@email.com,SP,low,2024-01-15,2024-02-24
CUST_00001,EXT_00251,userext_00251@email.com,RJ,mid,2024-01-13,2024-01-09
CUST_00002,EXT_00693,userext_00693@email.com,,low,2023-10-30,2024-01-16
CUST_00003,EXT_00033,userext_00033@email.com,SP,low,2023-04-22,2023-05-21
CUST_00004,EXT_00518,userext_00518@email.com,BA,low,2023-10-15,2023-11-04
CUST_00005,EXT_00734,userext_00734@email.com,,,2023-04-23,2023-07-16
CUST_00006,EXT_00604,userext_00604@email.com,MG,low,2024-01-24,2024-07-18
CUST_00007,EXT_00164,userext_00164@email.com,,,2023-06-24,2023-08-04
CUST_00008,EXT_00160,userext_00160@email.com,RJ,high,2023-02-22,2023-02-15
CUST_00009,EXT_00390,userext_00390@email.com,SP,high,2023-06-26,2023-10-28
CUST_00010,EXT_00271,userext_00271@email.com,SP,,2023-10-02,2023-10-03
CUST_00011,EXT_00388,userext_00388@email.com,SP,high,2023-11-18,2024-03-25
CUST_00012,EXT_00883,userext_00883@email.com,MG,mid,2023-12-27,2023-12-14
CUST_00013,EXT_00047,userext_00047@email.com,,mid,2024-01-31,2024-03-15
CUST_00014,EXT_00082,userext_00082@email.com,RJ,low,2023-07-14,2023-08-24
CUST_00015,EXT_00465,userext_00465@email.com,,high,2023-03-25,2023-05-28
CUST_00016,EXT_00364,userext_00364@email.com,RJ,high,2023-12-26,2024-05-18
CUST_00017,EXT_00664,userext_00664@email.com,SP,mid,2023-10-01,2024-03-05
CUST_00018,EXT_00251,userext_00251@email.com,RJ,,2023-07-14,2023-08-22
CUST_00019,EXT_00656,userext_00656@email.com,,mid,2023-12-17,2024-02-08
CUST_00020,EXT_00864,userext_00864@email.com,SP,mid,2023-01-17,2023-07-12
CUST_00021,EXT_00324,userext_00324@email.com,CE,high,2023-02-03,2023-02-27
CUST_00022,EXT_00581,userext_00581@email.com,,high,2023-04-19,2023-09-03
CUST_00023,EXT_00512,userext_00512@email.com,CE,,2023-03-15,2023-04-21
CUST_00024,EXT_00143,userext_00143@email.com,RJ,high,2024-01-18,2024-05-16
CUST_00025,EXT_00439,userext_00439@email.com,BA,,2023-07-05,2023-07-31
CUST_00026,EXT_00142,userext_00142@email.com,BA,,2023-02-16,2023-07-29
CUST_00027,EXT_00049,userext_00049@email.com,SP,mid,2023-11-18,2023-11-28
CUST_00028,EXT_00812,userext_00812@email.com,,,2023-11-02,2023-10-19
CUST_00029,EXT_00395,userext_00395@email.com,CE,,2023-09-28,2023-11-01
CUST_00030,EXT_00567,userext_00567@email.com,SP,low,2023-12-16,2024-06-29
CUST_00031,EXT_00550,userext_00550@email.com,MG,high,2023-02-27,2023-04-13
CUST_00032,EXT_00446,userext_00446@email.com,RJ,,2023-01-02,2023-06-05
CUST_00033,EXT_00897,userext_00897@email.com,,high,2023-09-14,2024-02-26
CUST_00034,EXT_00183,userext_00183@email.com,BA,low,2023-11-17,2024-01-02
CUST_00035,EXT_00862,userext_00862@email.com,,mid,2023-03-20,2023-05-24
CUST_00036,EXT_00781,userext_00781@email.com,RJ,low,2023-11-03,2023-12-25
CUST_00037,EXT_00501,userext_00501@email.com,SP,low,2023-07-05,2024-01-15
CUST_00038,EXT_00852,userext_00852@email.com,MG,mid,2023-01-30,2023-03-02
CUST_00039,EXT_00900,userext_00900@email.com,BA,low,2023-02-13,2023-07-20
CUST_00040,EXT_00498,userext_00498@email.com,SP,mid,2023-03-07,2023-07-23
CUST_00041,EXT_00487,userext_00487@email.com,BA,mid,2023-05-16,2023-08-29
CUST_00042,EXT_00894,userext_00894@email.com,BA,,2023-04-19,2023-08-05
CUST_00043,EXT_00774,userext_00774@email.com,,mid,2024-01-01,2024-02-19
CUST_00044,EXT_00409,userext_00409@email.com,,high,2023-08-13,2024-02-29
CUST_00045,EXT_00530,userext_00530@email.com,CE,low,2023-05-07,2023-06-03
CUST_00046,EXT_00066,userext_00066@email.com,MG,low,2023-10-29,2024-02-17
CUST_00047,EXT_00236,userext_00236@email.com,BA,mid,2023-01-04,2022-12-23
CUST_00048,EXT_00725,userext_00725@email.com,,low,2023-04-28,2023-04-15
CUST_00049,EXT_00033,userext_00033@email.com,MG,low,2023-09-21,2023-10-21
CUST_00050,EXT_00286,userext_00286@email.com,,,2023-04-20,2023-08-06
CUST_00051,EXT_00136,userext_00136@email.com,,,2023-05-05,2023-10-22
CUST_00052,EXT_00485,userext_00485@email.com,CE,mid,2023-02-18,2023-02-12
CUST_00053,EXT_00675,userext_00675@email.com,CE,high,2023-08-05,2023-10-19
CUST_00054,EXT_00479,userext_00479@email.com,,low,2023-12-11,2024-04-26
CUST_00055,EXT_00662,userext_00662@email.com,SP,low,2023-07-26,2023-12-29
CUST_00056,EXT_00348,userext_00348@email.com,SP,mid,2023-04-09,2023-04-27
CUST_00057,EXT_00550,userext_00550@email.com,CE,mid,2023-08-05,2023-08-21
CUST_00058,EXT_00286,userext_00286@email.com,CE,mid,2023-02-08,2023-05-02
CUST_00059,EXT_00828,userext_00828@email.com,BA,low,2023-01-26,2023-06-11
CUST_00060,EXT_00554,userext_00554@email.com,SP,low,2024-01-21,2024-07-26
CUST_00061,EXT_00243,userext_00243@email.com,RJ,,2023-09-06,2023-12-08
CUST_00062,EXT_00219,userext_00219@email.com,CE,low,2023-03-26,2023-06-01
CUST_00063,EXT_00003,userext_00003@email.com,CE,high,2023-08-21,2023-10-03
CUST_00064,EXT_00434,userext_00434@email.com,,,2023-03-21,2023-04-08
CUST_00065,EXT_00304,userext_00304@email.com,RJ,low,2023-10-24,2024-03-30
CUST_00066,EXT_00556,userext_00556@email.com,SP,high,2023-01-30,2023-01-12
CUST_00067,EXT_00599,userext_00599@email.com,CE,mid,2023-01-30,2023-05-10
CUST_00068,EXT_00083,userext_00083@email.com,RJ,low,2023-11-01,2023-10-19
CUST_00069,EXT_00692,userext_00692@email.com,RJ,,2023-03-03,2023-09-16
CUST_00070,EXT_00584,userext_00584@email.com,RJ,low,2023-11-14,2023-11-04
CUST_00071,EXT_00430,userext_00430@email.com,,high,2023-05-14,2023-06-05
CUST_00072,EXT_00686,userext_00686@email.com,,high,2023-05-03,2023-06-09
CUST_00073,EXT_00406,userext_00406@email.com,RJ,high,2023-08-23,2023-10-12
CUST_00074,EXT_00770,userext_00770@email.com,SP,low,2023-08-23,2023-12-30
CUST_00075,EXT_00577,userext_00577@email.com,SP,low,2023-10-03,2023-10-27
CUST_00076,EXT_00519,userext_00519@email.com,MG,mid,2023-06-28,2024-01-09
CUST_00077,EXT_00071,userext_00071@email.com,RJ,high,2023-05-26,2023-06-05
CUST_00078,EXT_00449,userext_00449@email.com,BA,high,2023-11-10,2024-05-04
CUST_00079,EXT_00670,userext_00670@email.com,BA,low,2023-12-08,2024-06-04
CUST_00080,EXT_00568,userext_00568@email.com,MG,low,2023-03-10,2023-04-16
CUST_00081,EXT_00119,userext_00119@email.com,SP,mid,2023-05-20,2023-07-01
CUST_00082,EXT_00620,userext_00620@email.com,RJ,high,2023-04-15,2023-09-07
CUST_00083,EXT_00650,userext_00650@email.com,MG,,2023-05-09,2023-11-11
CUST_00084,EXT_00053,userext_00053@email.com,SP,,2023-05-22,2023-05-03
CUST_00085,EXT_00004,userext_00004@email.com,MG,mid,2023-11-23,2023-12-30
CUST_00086,EXT_00166,userext_00166@email.com,,,2023-10-10,2024-03-08
CUST_00087,EXT_00438,userext_00438@email.com,BA,low,2023-02-27,2023-02-16
CUST_00088,EXT_00708,userext_00708@email.com,RJ,low,2023-07-09,2023-11-05
CUST_00089,EXT_00566,userext_00566@email.com,RJ,,2023-03-07,2023-02-15
CUST_00090,EXT_00316,userext_00316@email.com,MG,low,2023-07-03,2023-07-26
CUST_00091,EXT_00699,userext_00699@email.com,RJ,low,2023-07-01,2023-12-17
CUST_00092,EXT_00574,userext_00574@email.com,CE,mid,2023-05-02,2023-11-09
CUST_00093,EXT_00167,userext_00167@email.com,RJ,,2023-01-13,2023-01-28
CUST_00094,EXT_00755,userext_00755@email.com,MG,,2023-12-09,2024-06-17
CUST_00095,EXT_00753,userext_00753@email.com,RJ,high,2023-03-23,2023-09-10
CUST_00096,EXT_00719,userext_00719@email.com,SP,,2023-01-20,2023-07-28
CUST_00097,EXT_00482,userext_00482@email.com,RJ,mid,2023-08-24,2023-10-22
CUST_00098,EXT_00313,userext_00313@email.com,RJ,mid,2023-01-13,2023-05-31
CUST_00099,EXT_00198,userext_00198@email.com,CE,high,2023-05-23,2023-11-30
CUST_00100,EXT_00072,userext_00072@email.com,MG,high,2023-11-25,2024-03-04
CUST_00101,EXT_00410,userext_00410@email.com,,high,2023-01-15,2023-01-14
CUST_00102,EXT_00899,userext_00899@email.com,MG,mid,2023-10-25,2023-12-01
CUST_00103,EXT_00040,userext_00040@email.com,SP,,2023-06-26,2023-11-29
CUST_00104,EXT_00806,userext_00806@email.com,MG,,2023-11-07,2024-02-15
CUST_00105,EXT_00119,userext_00119@email.com,CE,mid,2023-05-11,2023-04-22
CUST_00106,EXT_00726,userext_00726@email.com,CE,low,2023-09-24,2024-03-18
CUST_00107,EXT_00552,userext_00552@email.com,,mid,2023-07-06,2023-09-24
CUST_00108,EXT_00072,userext_00072@email.com,,high,2023-11-16,2024-01-05
CUST_00109,EXT_00680,userext_00680@email.com,SP,high,2023-09-17,2023-11-05
CUST_00110,EXT_00683,userext_00683@email.com,CE,high,2023-07-26,2023-12-21
CUST_00111,EXT_00303,userext_00303@email.com,BA,mid,2023-04-09,2023-06-25
CUST_00112,EXT_00681,userext_00681@email.com,CE,mid,2023-11-12,2024-03-06
CUST_00113,EXT_00309,userext_00309@email.com,CE,low,2023-06-05,2023-07-18
CUST_00114,EXT_00216,userext_00216@email.com,CE,high,2023-08-27,2023-11-18
CUST_00115,EXT_00453,userext_00453@email.com,,mid,2023-09-19,2023-12-19
CUST_00116,EXT_00813,userext_00813@email.com,,mid,2023-12-04,2023-11-25
CUST_00117,EXT_00291,userext_00291@email.com,BA,high,2023-02-17,2023-08-15
CUST_00118,EXT_00770,userext_00770@email.com,RJ,high,2023-04-26,2023-10-19
CUST_00119,EXT_00204,userext_00204@email.com,RJ,low,2023-01-24,2023-02-25
CUST_00120,EXT_00487,userext_00487@email.com,BA,low,2023-08-22,2023-11-06
CUST_00121,EXT_00645,userext_00645@email.com,BA,mid,2024-01-03,2024-05-30
CUST_00122,EXT_00394,userext_00394@email.com,CE,,2023-05-05,2023-05-12
CUST_00123,EXT_00672,userext_00672@email.com,,low,2024-01-20,2024-07-28
CUST_00124,EXT_00789,userext_00789@email.com,SP,,2023-04-23,2023-05-08
CUST_00125,EXT_00824,userext_00824@email.com,,,2023-01-26,2023-05-18
CUST_00126,EXT_00256,userext_00256@email.com,SP,,2023-03-10,2023-09-01
CUST_00127,EXT_00476,userext_00476@email.com,,high,2024-01-22,2024-08-07
CUST_00128,EXT_00454,userext_00454@email.com,BA,,2023-10-08,2023-12-31
CUST_00129,EXT_00163,userext_00163@email.com,,,2023-08-19,2023-09-24
CUST_00130,EXT_00770,userext_00770@email.com,RJ,high,2024-01-28,2024-07-15
CUST_00131,EXT_00534,userext_00534@email.com,CE,mid,2023-05-21,2023-08-11
CUST_00132,EXT_00080,userext_00080@email.com,,high,2023-05-01,2023-06-09
CUST_00133,EXT_00344,userext_00344@email.com,MG,low,2023-03-12,2023-03-20
CUST_00134,EXT_00237,userext_00237@email.com,CE,mid,2023-12-28,2024-01-21
CUST_00135,EXT_00066,userext_00066@email.com,CE,,2023-06-19,2023-10-05
CUST_00136,EXT_00478,userext_00478@email.com,CE,low,2023-04-16,2023-10-16
CUST_00137,EXT_00431,userext_00431@email.com,CE,low,2024-01-27,2024-05-23
CUST_00138,EXT_00390,userext_00390@email.com,CE,low,2023-06-30,2023-08-15
CUST_00139,EXT_00772,userext_00772@email.com,CE,,2023-10-03,2024-03-12
CUST_00140,EXT_00753,userext_00753@email.com,BA,mid,2023-09-07,2023-10-03
CUST_00141,EXT_00280,userext_00280@email.com,CE,,2023-01-15,2023-03-25
CUST_00142,EXT_00345,userext_00345@email.com,,,2024-01-06,2024-01-18
CUST_00143,EXT_00861,userext_00861@email.com,CE,mid,2023-11-15,2024-02-29
CUST_00144,EXT_00028,userext_00028@email.com,CE,low,2023-02-12,2023-06-26
CUST_00145,EXT_00439,userext_00439@email.com,RJ,,2023-04-04,2023-03-17
CUST_00146,EXT_00267,userext_00267@email.com,CE,high,2023-04-19,2023-07-14
CUST_00147,EXT_00335,userext_00335@email.com,MG,,2023-05-23,2023-11-01
CUST_00148,EXT_00852,userext_00852@email.com,CE,high,2023-02-11,2023-05-12
CUST_00149,EXT_00020,userext_00020@email.com,,low,2023-06-29,2023-07-26
CUST_00150,EXT_00666,userext_00666@email.com,SP,low,2024-01-22,2023-12-30
CUST_00151,EXT_00254,userext_00254@email.com,RJ,low,2023-11-15,2023-11-24
CUST_00152,EXT_00245,userext_00245@email.com,RJ,,2023-12-09,2023-12-08
CUST_00153,EXT_00578,userext_00578@email.com,RJ,,2023-12-25,2024-01-29
CUST_00154,EXT_00786,userext_00786@email.com,MG,mid,2023-11-07,2024-03-11
CUST_00155,EXT_00766,userext_00766@email.com,,low,2024-02-03,2024-07-31
CUST_00156,EXT_00168,userext_00168@email.com,MG,low,2023-10-24,2023-09-30
CUST_00157,EXT_00320,userext_00320@email.com,BA,,2023-07-23,2023-12-23
CUST_00158,EXT_00204,userext_00204@email.com,SP,mid,2023-02-22,2023-07-20
CUST_00159,EXT_00792,userext_00792@email.com,MG,low,2023-10-17,2024-04-04
CUST_00160,EXT_00043,userext_00043@email.com,MG,,2023-12-05,2024-02-07
CUST_00161,EXT_00071,userext_00071@email.com,BA,high,2023-01-07,2023-07-13
CUST_00162,EXT_00431,userext_00431@email.com,CE,low,2023-08-10,2023-10-11
CUST_00163,EXT_00651,userext_00651@email.com,CE,mid,2023-08-11,2023-08-26
CUST_00164,EXT_00752,userext_00752@email.com,BA,high,2023-11-12,2024-05-06
CUST_00165,EXT_00552,userext_00552@email.com,CE,,2023-08-12,2024-02-09
CUST_00166,EXT_00749,userext_00749@email.com,BA,high,2023-06-15,2023-12-20
CUST_00167,EXT_00252,userext_00252@email.com,SP,high,2023-08-19,2023-09-20
CUST_00168,EXT_00769,userext_00769@email.com,CE,,2023-06-22,2023-05-30
CUST_00169,EXT_00507,userext_00507@email.com,MG,mid,2023-09-07,2023-10-01
CUST_00170,EXT_00364,userext_00364@email.com,MG,high,2023-05-24,2023-12-05
CUST_00171,EXT_00611,userext_00611@email.com,,high,2023-10-12,2023-09-14
CUST_00172,EXT_00530,userext_00530@email.com,RJ,low,2023-05-04,2023-10-05
CUST_00173,EXT_00417,userext_00417@email.com,CE,mid,2023-12-20,2024-03-20
CUST_00174,EXT_00662,userext_00662@email.com,,,2023-08-18,2024-02-06
CUST_00175,EXT_00018,userext_00018@email.com,SP,high,2023-04-24,2023-07-06
CUST_00176,EXT_00709,userext_00709@email.com,RJ,high,2023-12-06,2024-04-02
CUST_00177,EXT_00378,userext_00378@email.com,CE,high,2023-08-06,2024-01-13
CUST_00178,EXT_00564,userext_00564@email.com,MG,high,2023-12-26,2024-03-21
CUST_00179,EXT_00278,userext_00278@email.com,MG,high,2023-04-29,2023-04-29
CUST_00180,EXT_00739,userext_00739@email.com,RJ,high,2023-03-03,2023-08-10
CUST_00181,EXT_00549,userext_00549@email.com,,mid,2023-04-09,2023-05-04
CUST_00182,EXT_00757,userext_00757@email.com,CE,high,2024-01-06,2024-05-05
CUST_00183,EXT_00779,userext_00779@email.com,BA,high,2023-02-21,2023-08-23
CUST_00184,EXT_00199,userext_00199@email.com,MG,mid,2023-07-04,2023-07-19
CUST_00185,EXT_00310,userext_00310@email.com,SP,mid,2023-05-21,2023-05-02
CUST_00186,EXT_00056,userext_00056@email.com,BA,high,2023-12-24,2023-12-26
CUST_00187,EXT_00654,userext_00654@email.com,CE,low,2023-01-07,2023-05-03
CUST_00188,EXT_00292,userext_00292@email.com,CE,,2023-08-14,2023-10-10
CUST_00189,EXT_00189,userext_00189@email.com,SP,high,2023-09-02,2023-09-01
CUST_00190,EXT_00842,userext_00842@email.com,SP,,2023-09-09,2023-08-28
CUST_00191,EXT_00591,userext_00591@email.com,,low,2023-03-19,2023-03-27
CUST_00192,EXT_00831,userext_00831@email.com,BA,high,2023-02-13,2023-03-18
CUST_00193,EXT_00122,userext_00122@email.com,BA,,2023-11-07,2024-03-08
CUST_00194,EXT_00810,userext_00810@email.com,BA,mid,2024-02-02,2024-05-15
CUST_00195,EXT_00390,userext_00390@email.com,CE,,2023-06-02,2023-12-09
CUST_00196,EXT_00603,userext_00603@email.com,CE,high,2023-10-19,2024-02-24
CUST_00197,EXT_00062,userext_00062@email.com,BA,low,2024-01-26,2024-02-18
CUST_00198,EXT_00641,userext_00641@email.com,RJ,high,2023-12-05,2023-11-25
CUST_00199,EXT_00161,userext_00161@email.com,RJ,mid,2023-10-10,2023-09-29
CUST_00200,EXT_00161,userext_00161@email.com,SP,,2023-08-19,2024-01-12
CUST_00201,EXT_00609,userext_00609@email.com,CE,high,2023-01-17,2023-02-15
CUST_00202,EXT_00296,userext_00296@email.com,,high,2023-12-26,2024-07-03
CUST_00203,EXT_00465,userext_00465@email.com,SP,mid,2023-05-16,2023-11-03
CUST_00204,EXT_00811,userext_00811@email.com,,mid,2023-08-06,2023-08-05
CUST_00205,EXT_00558,userext_00558@email.com,RJ,mid,2023-05-17,2023-11-14
CUST_00206,EXT_00146,userext_00146@email.com,SP,low,2023-03-26,2023-09-14
CUST_00207,EXT_00315,userext_00315@email.com,BA,high,2023-08-13,2023-08-14
CUST_00208,EXT_00480,userext_00480@email.com,,high,2023-12-25,2024-03-07
CUST_00209,EXT_00279,userext_00279@email.com,BA,,2023-08-13,2023-08-03
CUST_00210,EXT_00613,userext_00613@email.com,SP,,2024-01-12,2024-03-04
CUST_00211,EXT_00619,userext_00619@email.com,MG,low,2023-02-16,2023-03-16
CUST_00212,EXT_00691,userext_00691@email.com,BA,low,2024-01-27,2024-06-17
CUST_00213,EXT_00842,userext_00842@email.com,MG,low,2024-01-26,2024-07-07
CUST_00214,EXT_00180,userext_00180@email.com,CE,,2023-05-23,2023-06-08
CUST_00215,EXT_00600,userext_00600@email.com,CE,,2023-02-16,2023-05-17
CUST_00216,EXT_00357,userext_00357@email.com,CE,high,2023-06-14,2023-11-02
CUST_00217,EXT_00108,userext_00108@email.com,RJ,high,2023-07-30,2023-12-24
CUST_00218,EXT_00508,userext_00508@email.com,MG,,2024-01-25,2024-05-14
CUST_00219,EXT_00038,userext_00038@email.com,CE,low,2023-06-11,2023-07-15
CUST_00220,EXT_00332,userext_00332@email.com,SP,,2023-09-21,2024-03-20
CUST_00221,EXT_00002,userext_00002@email.com,,,2023-07-31,2023-07-14
CUST_00222,EXT_00193,userext_00193@email.com,BA,high,2023-11-15,2024-04-26
CUST_00223,EXT_00511,userext_00511@email.com,,,2024-01-25,2024-01-08
CUST_00224,EXT_00209,userext_00209@email.com,MG,mid,2023-05-28,2023-08-18
CUST_00225,EXT_00716,userext_00716@email.com,CE,low,2023-01-15,2023-05-26
CUST_00226,EXT_00624,userext_00624@email.com,RJ,mid,2023-06-09,2023-09-28
CUST_00227,EXT_00015,userext_00015@email.com,BA,,2023-02-17,2023-03-16
CUST_00228,EXT_00862,userext_00862@email.com,SP,,2023-03-02,2023-07-15
CUST_00229,EXT_00853,userext_00853@email.com,RJ,,2024-01-02,2024-02-15
CUST_00230,EXT_00522,userext_00522@email.com,,high,2023-08-01,2024-01-31
CUST_00231,EXT_00495,userext_00495@email.com,CE,mid,2023-08-22,2023-12-11
CUST_00232,EXT_00149,userext_00149@email.com,CE,mid,2023-11-03,2024-02-11
CUST_00233,EXT_00765,userext_00765@email.com,RJ,low,2023-05-22,2023-11-05
CUST_00234,EXT_00809,userext_00809@email.com,CE,high,2023-09-17,2023-10-25
CUST_00235,EXT_00841,userext_00841@email.com,SP,high,2024-01-07,2024-02-22
CUST_00236,EXT_00858,userext_00858@email.com,BA,,2023-03-18,2023-06-10
CUST_00237,EXT_00552,userext_00552@email.com,CE,high,2023-06-20,2023-10-09
CUST_00238,EXT_00782,userext_00782@email.com,BA,,2023-08-22,2023-10-13
CUST_00239,EXT_00891,userext_00891@email.com,RJ,mid,2023-10-20,2023-12-27
CUST_00240,EXT_00240,userext_00240@email.com,CE,low,2023-06-12,2023-11-19
CUST_00241,EXT_00485,userext_00485@email.com,,,2023-07-17,2023-12-03
CUST_00242,EXT_00812,userext_00812@email.com,,mid,2023-09-11,2023-08-21
CUST_00243,EXT_00130,userext_00130@email.com,BA,high,2023-02-21,2023-09-02
CUST_00244,EXT_00866,userext_00866@email.com,CE,low,2023-09-27,2023-12-22
CUST_00245,EXT_00016,userext_00016@email.com,,mid,2023-07-29,2024-02-06
CUST_00246,EXT_00671,userext_00671@email.com,RJ,low,2023-08-29,2024-02-15
CUST_00247,EXT_00272,userext_00272@email.com,MG,,2023-11-29,2023-11-19
CUST_00248,EXT_00873,userext_00873@email.com,MG,,2023-06-12,2023-10-20
CUST_00249,EXT_00736,userext_00736@email.com,CE,low,2023-11-13,2023-10-31
CUST_00250,EXT_00241,userext_00241@email.com,,high,2023-04-27,2023-10-05
CUST_00251,EXT_00093,userext_00093@email.com,CE,low,2024-01-25,2024-06-05
CUST_00252,EXT_00721,userext_00721@email.com,SP,,2023-03-27,2023-08-21
CUST_00253,EXT_00307,userext_00307@email.com,SP,low,2023-06-16,2023-12-06
CUST_00254,EXT_00058,userext_00058@email.com,MG,high,2023-07-11,2023-09-29
CUST_00255,EXT_00150,userext_00150@email.com,RJ,,2023-10-17,2024-03-09
CUST_00256,EXT_00812,userext_00812@email.com,RJ,mid,2023-03-31,2023-03-21
CUST_00257,EXT_00625,userext_00625@email.com,CE,mid,2023-09-12,2024-01-09
CUST_00258,EXT_00147,userext_00147@email.com,RJ,,2023-11-23,2023-12-28
CUST_00259,EXT_00471,userext_00471@email.com,MG,low,2023-08-27,2024-03-14
CUST_00260,EXT_00295,userext_00295@email.com,,mid,2023-02-07,2023-05-01
CUST_00261,EXT_00354,userext_00354@email.com,BA,high,2023-11-24,2024-02-10
CUST_00262,EXT_00707,userext_00707@email.com,MG,,2023-06-04,2023-06-24
CUST_00263,EXT_00394,userext_00394@email.com,CE,low,2023-05-02,2023-07-08
CUST_00264,EXT_00586,userext_00586@email.com,MG,high,2023-12-25,2024-02-08
CUST_00265,EXT_00023,userext_00023@email.com,,,2023-05-21,2023-04-23
CUST_00266,EXT_00580,userext_00580@email.com,,low,2023-11-07,2024-04-15
CUST_00267,EXT_00509,userext_00509@email.com,MG,mid,2023-11-07,2024-04-30
CUST_00268,EXT_00361,userext_00361@email.com,RJ,mid,2023-11-14,2023-12-18
CUST_00269,EXT_00695,userext_00695@email.com,,mid,2023-11-18,2023-11-12
CUST_00270,EXT_00643,userext_00643@email.com,,low,2023-06-08,2023-11-26
CUST_00271,EXT_00452,userext_00452@email.com,SP,high,2024-01-10,2024-01-13
CUST_00272,EXT_00093,userext_00093@email.com,MG,high,2024-01-18,2024-04-03
CUST_00273,EXT_00180,userext_00180@email.com,RJ,mid,2023-10-04,2024-04-15
CUST_00274,EXT_00375,userext_00375@email.com,BA,high,2023-03-26,2023-04-30
CUST_00275,EXT_00845,userext_00845@email.com,CE,high,2024-01-18,2024-07-28
CUST_00276,EXT_00347,userext_00347@email.com,SP,,2023-02-08,2023-02-14
CUST_00277,EXT_00773,userext_00773@email.com,RJ,,2023-10-13,2023-12-15
CUST_00278,EXT_00093,userext_00093@email.com,CE,low,2023-05-16,2023-08-31
CUST_00279,EXT_00127,userext_00127@email.com,CE,high,2023-12-11,2024-05-20
CUST_00280,EXT_00689,userext_00689@email.com,MG,,2023-11-23,2024-01-27
CUST_00281,EXT_00111,userext_00111@email.com,,mid,2023-08-30,2023-08-06
CUST_00282,EXT_00635,userext_00635@email.com,BA,high,2023-11-09,2023-12-05
CUST_00283,EXT_00664,userext_00664@email.com,SP,,2023-12-25,2024-02-10
CUST_00284,EXT_00665,userext_00665@email.com,CE,low,2023-03-13,2023-02-22
CUST_00285,EXT_00039,userext_00039@email.com,MG,,2023-03-01,2023-02-23
CUST_00286,EXT_00241,userext_00241@email.com,BA,mid,2023-07-18,2023-10-12
CUST_00287,EXT_00380,userext_00380@email.com,,,2023-10-28,2024-04-05
CUST_00288,EXT_00745,userext_00745@email.com,RJ,,2023-12-02,2023-11-27
CUST_00289,EXT_00854,userext_00854@email.com,CE,,2023-05-24,2023-05-02
CUST_00290,EXT_00707,userext_00707@email.com,MG,mid,2023-08-16,2023-11-07
CUST_00291,EXT_00242,userext_00242@email.com,MG,low,2023-12-18,2024-02-20
CUST_00292,EXT_00558,userext_00558@email.com,,high,2023-02-01,2023-04-13
CUST_00293,EXT_00283,userext_00283@email.com,RJ,low,2023-08-21,2023-08-14
CUST_00294,EXT_00679,userext_00679@email.com,RJ,low,2023-01-26,2023-07-16
CUST_00295,EXT_00342,userext_00342@email.com,RJ,mid,2023-10-17,2023-11-08
CUST_00296,EXT_00071,userext_00071@email.com,BA,mid,2023-10-28,2023-11-22
CUST_00297,EXT_00833,userext_00833@email.com,RJ,high,2024-02-01,2024-02-08
CUST_00298,EXT_00808,userext_00808@email.com,BA,low,2023-05-22,2023-11-27
CUST_00299,EXT_00149,userext_00149@email.com,RJ,high,2023-03-31,2023-03-29
CUST_00300,EXT_00677,userext_00677@email.com,SP,mid,2023-01-08,2023-03-10
CUST_00301,EXT_00809,userext_00809@email.com,RJ,high,2023-01-09,2023-01-23
CUST_00302,EXT_00272,userext_00272@email.com,SP,mid,2024-01-15,2024-04-01
CUST_00303,EXT_00539,userext_00539@email.com,SP,low,2023-09-01,2023-11-24
CUST_00304,EXT_00797,userext_00797@email.com,MG,low,2023-08-20,2023-11-26
CUST_00305,EXT_00227,userext_00227@email.com,BA,low,2024-01-08,2024-06-26
CUST_00306,EXT_00888,userext_00888@email.com,,high,2023-08-23,2024-01-04
CUST_00307,EXT_00032,userext_00032@email.com,SP,,2023-07-25,2023-10-12
CUST_00308,EXT_00703,userext_00703@email.com,SP,,2023-12-31,2024-03-23
CUST_00309,EXT_00076,userext_00076@email.com,SP,high,2023-11-08,2023-11-15
CUST_00310,EXT_00068,userext_00068@email.com,RJ,high,2023-11-16,2024-03-27
CUST_00311,EXT_00600,userext_00600@email.com,BA,high,2023-07-15,2023-11-14
CUST_00312,EXT_00544,userext_00544@email.com,MG,,2023-09-16,2024-01-18
CUST_00313,EXT_00441,userext_00441@email.com,SP,low,2023-12-02,2024-04-16
CUST_00314,EXT_00899,userext_00899@email.com,BA,mid,2023-08-09,2023-11-02
CUST_00315,EXT_00234,userext_00234@email.com,CE,high,2023-08-21,2023-11-01
CUST_00316,EXT_00426,userext_00426@email.com,,low,2023-06-10,2023-08-28
CUST_00317,EXT_00321,userext_00321@email.com,,high,2023-07-11,2023-07-20
CUST_00318,EXT_00704,userext_00704@email.com,CE,low,2023-02-16,2023-08-17
CUST_00319,EXT_00088,userext_00088@email.com,SP,,2023-02-19,2023-07-29
CUST_00320,EXT_00757,userext_00757@email.com,MG,mid,2023-10-12,2023-09-27
CUST_00321,EXT_00601,userext_00601@email.com,BA,high,2023-12-10,2023-12-11
CUST_00322,EXT_00421,userext_00421@email.com,MG,,2024-01-05,2023-12-19
CUST_00323,EXT_00295,userext_00295@email.com,BA,high,2023-06-30,2023-06-26
CUST_00324,EXT_00592,userext_00592@email.com,BA,mid,2023-03-21,2023-08-06
CUST_00325,EXT_00494,userext_00494@email.com,RJ,low,2023-06-29,2024-01-01
CUST_00326,EXT_00570,userext_00570@email.com,MG,low,2024-01-26,2024-03-07
CUST_00327,EXT_00588,userext_00588@email.com,RJ,,2023-10-15,2024-03-29
CUST_00328,EXT_00839,userext_00839@email.com,BA,low,2023-11-08,2024-03-25
CUST_00329,EXT_00850,userext_00850@email.com,,high,2023-01-15,2023-01-31
CUST_00330,EXT_00280,userext_00280@email.com,,high,2023-06-23,2023-08-21
CUST_00331,EXT_00007,userext_00007@email.com,RJ,mid,2023-10-17,2024-03-03
CUST_00332,EXT_00411,userext_00411@email.com,SP,mid,2024-01-15,2024-05-26
CUST_00333,EXT_00032,userext_00032@email.com,SP,mid,2023-07-12,2023-09-27
CUST_00334,EXT_00465,userext_00465@email.com,MG,mid,2023-07-09,2023-08-27
CUST_00335,EXT_00739,userext_00739@email.com,MG,low,2023-01-27,2023-02-05
CUST_00336,EXT_00162,userext_00162@email.com,BA,low,2023-12-12,2023-12-02
CUST_00337,EXT_00279,userext_00279@email.com,CE,,2023-09-06,2024-01-09
CUST_00338,EXT_00453,userext_00453@email.com,CE,high,2023-04-21,2023-10-01
CUST_00339,EXT_00525,userext_00525@email.com,SP,high,2023-08-09,2023-08-07
CUST_00340,EXT_00291,userext_00291@email.com,,,2023-09-27,2024-02-14
CUST_00341,EXT_00316,userext_00316@email.com,SP,mid,2023-07-22,2023-11-22
CUST_00342,EXT_00057,userext_00057@email.com,SP,mid,2023-06-04,2023-06-28
CUST_00343,EXT_00786,userext_00786@email.com,RJ,high,2023-05-29,2023-07-21
CUST_00344,EXT_00123,userext_00123@email.com,SP,,2024-01-18,2024-04-07
CUST_00345,EXT_00180,userext_00180@email.com,RJ,,2023-09-30,2024-02-27
CUST_00346,EXT_00236,userext_00236@email.com,BA,high,2023-02-06,2023-04-18
CUST_00347,EXT_00883,userext_00883@email.com,,low,2023-08-12,2023-07-17
CUST_00348,EXT_00471,userext_00471@email.com,SP,high,2023-10-22,2024-01-09
CUST_00349,EXT_00588,userext_00588@email.com,CE,,2023-05-29,2023-05-28
CUST_00350,EXT_00415,userext_00415@email.com,SP,high,2023-03-29,2023-09-20
CUST_00351,EXT_00633,userext_00633@email.com,CE,high,2023-02-15,2023-05-07
CUST_00352,EXT_00865,userext_00865@email.com,SP,mid,2023-08-12,2023-12-10
CUST_00353,EXT_00411,userext_00411@email.com,BA,low,2023-07-22,2024-01-30
CUST_00354,EXT_00318,userext_00318@email.com,,high,2023-04-24,2023-06-18
CUST_00355,EXT_00798,userext_00798@email.com,RJ,low,2023-09-19,2024-01-29
CUST_00356,EXT_00117,userext_00117@email.com,BA,mid,2024-02-02,2024-04-01
CUST_00357,EXT_00360,userext_00360@email.com,,mid,2023-05-01,2023-04-27
CUST_00358,EXT_00150,userext_00150@email.com,MG,mid,2023-03-30,2023-08-01
CUST_00359,EXT_00157,userext_00157@email.com,,low,2023-04-01,2023-09-15
CUST_00360,EXT_00644,userext_00644@email.com,CE,,2024-01-22,2024-05-15
CUST_00361,EXT_00779,userext_00779@email.com,BA,,2023-12-15,2024-06-27
CUST_00362,EXT_00579,userext_00579@email.com,,high,2023-11-18,2024-01-07
CUST_00363,EXT_00155,userext_00155@email.com,CE,low,2023-08-29,2023-11-20
CUST_00364,EXT_00647,userext_00647@email.com,MG,high,2023-10-30,2023-10-14
CUST_00365,EXT_00361,userext_00361@email.com,BA,low,2023-06-08,2023-09-04
CUST_00366,EXT_00463,userext_00463@email.com,SP,low,2023-07-08,2024-01-06
CUST_00367,EXT_00294,userext_00294@email.com,SP,low,2023-11-11,2024-03-12
CUST_00368,EXT_00520,userext_00520@email.com,CE,,2023-10-25,2024-02-13
CUST_00369,EXT_00811,userext_00811@email.com,,low,2023-08-19,2024-02-12
CUST_00370,EXT_00586,userext_00586@email.com,,mid,2023-06-14,2023-10-16
CUST_00371,EXT_00488,userext_00488@email.com,BA,mid,2023-02-01,2023-04-27
CUST_00372,EXT_00106,userext_00106@email.com,MG,low,2023-09-16,2024-01-29
CUST_00373,EXT_00177,userext_00177@email.com,SP,mid,2023-12-29,2024-03-20
CUST_00374,EXT_00450,userext_00450@email.com,BA,mid,2023-07-06,2023-09-09
CUST_00375,EXT_00290,userext_00290@email.com,CE,,2024-02-01,2024-03-28
CUST_00376,EXT_00696,userext_00696@email.com,BA,low,2023-11-20,2024-04-03
CUST_00377,EXT_00343,userext_00343@email.com,SP,high,2023-02-18,2023-06-10
CUST_00378,EXT_00695,userext_00695@email.com,CE,high,2023-05-10,2023-10-12
CUST_00379,EXT_00873,userext_00873@email.com,,mid,2023-06-20,2023-06-10
CUST_00380,EXT_00597,userext_00597@email.com,,mid,2023-06-29,2023-08-17
CUST_00381,EXT_00672,userext_00672@email.com,,,2023-03-08,2023-07-08
CUST_00382,EXT_00726,userext_00726@email.com,SP,high,2023-10-14,2023-12-19
CUST_00383,EXT_00659,userext_00659@email.com,MG,mid,2023-12-10,2024-05-07
CUST_00384,EXT_00849,userext_00849@email.com,,low,2023-11-27,2024-04-16
CUST_00385,EXT_00434,userext_00434@email.com,BA,high,2023-01-10,2023-03-13
CUST_00386,EXT_00317,userext_00317@email.com,RJ,mid,2023-06-24,2023-12-07
CUST_00387,EXT_00498,userext_00498@email.com,RJ,mid,2023-03-12,2023-03-21
CUST_00388,EXT_00080,userext_00080@email.com,MG,low,2023-09-17,2024-03-02
CUST_00389,EXT_00553,userext_00553@email.com,,low,2023-12-05,2024-01-30
CUST_00390,EXT_00898,userext_00898@email.com,BA,mid,2023-11-02,2024-01-07
CUST_00391,EXT_00158,userext_00158@email.com,RJ,mid,2023-12-21,2024-06-05
CUST_00392,EXT_00640,userext_00640@email.com,RJ,,2023-01-23,2023-04-08
CUST_00393,EXT_00374,userext_00374@email.com,,mid,2023-08-16,2023-12-20
CUST_00394,EXT_00292,userext_00292@email.com,,,2023-04-30,2023-08-14
CUST_00395,EXT_00245,userext_00245@email.com,MG,,2023-04-10,2023-06-13
CUST_00396,EXT_00695,userext_00695@email.com,BA,,2023-08-25,2024-02-07
CUST_00397,EXT_00289,userext_00289@email.com,CE,,2023-03-24,2023-09-19
CUST_00398,EXT_00205,userext_00205@email.com,BA,mid,2023-05-09,2023-04-22
CUST_00399,EXT_00657,userext_00657@email.com,CE,high,2023-10-11,2023-10-07
CUST_00400,EXT_00729,userext_00729@email.com,BA,low,2023-05-26,2023-05-17
CUST_00401,EXT_00782,userext_00782@email.com,RJ,high,2023-08-19,2023-11-28
CUST_00402,EXT_00151,userext_00151@email.com,CE,low,2023-04-24,2023-10-20
CUST_00403,EXT_00462,userext_00462@email.com,MG,low,2023-08-01,2023-07-15
CUST_00404,EXT_00406,userext_00406@email.com,BA,high,2023-05-01,2023-07-08
CUST_00405,EXT_00084,userext_00084@email.com,MG,mid,2023-01-15,2023-03-07
CUST_00406,EXT_00102,userext_00102@email.com,,high,2023-03-16,2023-03-21
CUST_00407,EXT_00040,userext_00040@email.com,MG,,2023-12-23,2024-06-22
CUST_00408,EXT_00143,userext_00143@email.com,,,2023-08-18,2023-12-23
CUST_00409,EXT_00006,userext_00006@email.com,SP,low,2023-05-12,2023-06-06
CUST_00410,EXT_00856,userext_00856@email.com,RJ,,2023-02-26,2023-08-13
CUST_00411,EXT_00296,userext_00296@email.com,RJ,high,2023-03-04,2023-02-14
CUST_00412,EXT_00245,userext_00245@email.com,CE,,2023-02-02,2023-01-31
CUST_00413,EXT_00857,userext_00857@email.com,CE,low,2023-11-20,2024-02-29
CUST_00414,EXT_00589,userext_00589@email.com,RJ,mid,2023-05-30,2023-08-17
CUST_00415,EXT_00002,userext_00002@email.com,BA,high,2023-05-04,2023-08-28
CUST_00416,EXT_00427,userext_00427@email.com,RJ,low,2023-09-26,2023-11-27
CUST_00417,EXT_00070,userext_00070@email.com,BA,low,2023-07-19,2024-01-28
CUST_00418,EXT_00482,userext_00482@email.com,SP,,2023-07-11,2023-08-14
CUST_00419,EXT_00766,userext_00766@email.com,SP,high,2023-02-04,2023-04-03
CUST_00420,EXT_00247,userext_00247@email.com,,low,2024-01-31,2024-05-28
CUST_00421,EXT_00753,userext_00753@email.com,MG,mid,2023-01-23,2023-03-24
CUST_00422,EXT_00560,userext_00560@email.com,MG,mid,2024-02-03,2024-06-27
CUST_00423,EXT_00476,userext_00476@email.com,,,2023-11-20,2023-12-06
CUST_00424,EXT_00831,userext_00831@email.com,RJ,low,2024-01-02,2024-06-18
CUST_00425,EXT_00469,userext_00469@email.com,SP,high,2023-04-14,2023-03-26
CUST_00426,EXT_00811,userext_00811@email.com,RJ,low,2023-06-11,2023-07-30
CUST_00427,EXT_00528,userext_00528@email.com,CE,,2023-05-10,2023-04-19
CUST_00428,EXT_00772,userext_00772@email.com,,mid,2023-05-27,2023-07-27
CUST_00429,EXT_00883,userext_00883@email.com,SP,high,2023-05-20,2023-05-21
CUST_00430,EXT_00819,userext_00819@email.com,MG,,2023-07-24,2023-12-31
CUST_00431,EXT_00451,userext_00451@email.com,CE,high,2023-04-06,2023-07-12
CUST_00432,EXT_00709,userext_00709@email.com,CE,high,2023-09-23,2023-10-31
CUST_00433,EXT_00821,userext_00821@email.com,SP,,2023-02-10,2023-05-01
CUST_00434,EXT_00617,userext_00617@email.com,RJ,high,2023-06-14,2023-06-10
CUST_00435,EXT_00082,userext_00082@email.com,MG,high,2023-06-06,2023-08-29
CUST_00436,EXT_00618,userext_00618@email.com,,,2023-03-27,2023-08-20
CUST_00437,EXT_00455,userext_00455@email.com,MG,,2023-01-22,2023-06-27
CUST_00438,EXT_00891,userext_00891@email.com,MG,,2023-05-21,2023-10-01
CUST_00439,EXT_00811,userext_00811@email.com,SP,low,2023-12-10,2024-04-21
CUST_00440,EXT_00416,userext_00416@email.com,MG,mid,2023-01-16,2023-01-22
CUST_00441,EXT_00870,userext_00870@email.com,BA,,2023-01-18,2023-01-20
CUST_00442,EXT_00069,userext_00069@email.com,RJ,high,2023-07-05,2023-09-11
CUST_00443,EXT_00581,userext_00581@email.com,SP,mid,2023-12-14,2024-03-08
CUST_00444,EXT_00380,userext_00380@email.com,MG,,2024-01-26,2024-01-15
CUST_00445,EXT_00588,userext_00588@email.com,RJ,high,2023-07-23,2023-09-11
CUST_00446,EXT_00666,userext_00666@email.com,MG,mid,2023-02-28,2023-02-04
CUST_00447,EXT_00754,userext_00754@email.com,RJ,,2023-09-23,2023-12-01
CUST_00448,EXT_00576,userext_00576@email.com,SP,high,2024-02-01,2024-03-08
CUST_00449,EXT_00721,userext_00721@email.com,CE,mid,2023-11-10,2023-12-23
CUST_00450,EXT_00711,userext_00711@email.com,CE,mid,2023-03-04,2023-03-08
CUST_00451,EXT_00874,userext_00874@email.com,SP,,2023-03-30,2023-10-16
CUST_00452,EXT_00731,userext_00731@email.com,CE,low,2023-12-16,2024-06-19
CUST_00453,EXT_00328,userext_00328@email.com,,high,2023-12-30,2023-12-16
CUST_00454,EXT_00564,userext_00564@email.com,BA,high,2023-06-03,2023-12-07
CUST_00455,EXT_00162,userext_00162@email.com,,mid,2023-07-05,2023-10-13
CUST_00456,EXT_00230,userext_00230@email.com,SP,mid,2023-03-13,2023-04-12
CUST_00457,EXT_00810,userext_00810@email.com,CE,low,2023-07-04,2023-10-23
CUST_00458,EXT_00587,userext_00587@email.com,MG,,2023-10-10,2023-10-13
CUST_00459,EXT_00627,userext_00627@email.com,SP,low,2023-06-08,2023-08-18
CUST_00460,EXT_00735,userext_00735@email.com,,,2023-09-27,2023-12-11
CUST_00461,EXT_00788,userext_00788@email.com,CE,low,2023-03-06,2023-04-26
CUST_00462,EXT_00658,userext_00658@email.com,SP,,2023-08-27,2024-01-18
CUST_00463,EXT_00530,userext_00530@email.com,MG,mid,2024-02-04,2024-05-25
CUST_00464,EXT_00656,userext_00656@email.com,BA,mid,2024-01-29,2024-02-01
CUST_00465,EXT_00444,userext_00444@email.com,BA,low,2023-03-05,2023-06-15
CUST_00466,EXT_00157,userext_00157@email.com,MG,mid,2023-03-24,2023-05-15
CUST_00467,EXT_00727,userext_00727@email.com,RJ,high,2023-09-23,2024-04-09
CUST_00468,EXT_00291,userext_00291@email.com,SP,high,2023-04-11,2023-08-21
CUST_00469,EXT_00565,userext_00565@email.com,MG,mid,2023-11-17,2024-01-03
CUST_00470,EXT_00630,userext_00630@email.com,BA,low,2023-09-15,2024-01-27
CUST_00471,EXT_00173,userext_00173@email.com,BA,mid,2023-03-29,2023-08-14
CUST_00472,EXT_00640,userext_00640@email.com,,high,2023-10-16,2023-09-26
CUST_00473,EXT_00846,userext_00846@email.com,SP,low,2023-01-24,2023-06-07
CUST_00474,EXT_00790,userext_00790@email.com,BA,high,2023-11-30,2023-12-23
CUST_00475,EXT_00786,userext_00786@email.com,BA,,2023-11-13,2024-03-25
CUST_00476,EXT_00032,userext_00032@email.com,CE,high,2023-11-25,2024-01-11
CUST_00477,EXT_00495,userext_00495@email.com,RJ,,2023-06-02,2023-08-27
CUST_00478,EXT_00075,userext_00075@email.com,,low,2023-03-22,2023-06-12
CUST_00479,EXT_00426,userext_00426@email.com,CE,,2023-04-15,2023-06-11
CUST_00480,EXT_00622,userext_00622@email.com,RJ,high,2024-01-03,2024-02-23
CUST_00481,EXT_00752,userext_00752@email.com,MG,,2023-03-08,2023-08-19
CUST_00482,EXT_00380,userext_00380@email.com,BA,low,2023-06-13,2023-07-14
CUST_00483,EXT_00478,userext_00478@email.com,SP,high,2023-08-19,2023-09-21
CUST_00484,EXT_00145,userext_00145@email.com,SP,low,2023-05-29,2023-08-05
CUST_00485,EXT_00885,userext_00885@email.com,BA,,2023-05-08,2023-11-15
CUST_00486,EXT_00164,userext_00164@email.com,MG,high,2023-04-08,2023-09-20
CUST_00487,EXT_00164,userext_00164@email.com,CE,,2023-09-13,2024-03-26
CUST_00488,EXT_00316,userext_00316@email.com,CE,low,2023-02-16,2023-04-27
CUST_00489,EXT_00518,userext_00518@email.com,CE,mid,2023-04-21,2023-08-18
CUST_00490,EXT_00362,userext_00362@email.com,SP,low,2023-05-25,2023-08-29
CUST_00491,EXT_00612,userext_00612@email.com,,,2023-05-27,2023-09-11
CUST_00492,EXT_00009,userext_00009@email.com,SP,,2023-03-10,2023-09-21
CUST_00493,EXT_00271,userext_00271@email.com,,high,2024-01-27,2024-04-09
CUST_00494,EXT_00375,userext_00375@email.com,SP,,2023-01-27,2023-05-22
CUST_00495,EXT_00576,userext_00576@email.com,RJ,high,2023-10-11,2023-11-23
CUST_00496,EXT_00076,userext_00076@email.com,CE,,2024-01-27,2024-05-16
CUST_00497,EXT_00287,userext_00287@email.com,BA,low,2023-03-07,2023-03-01
CUST_00498,EXT_00404,userext_00404@email.com,MG,high,2023-10-13,2023-12-15
CUST_00499,EXT_00774,userext_00774@email.com,RJ,mid,2023-11-05,2024-02-13
CUST_00500,EXT_00412,userext_00412@email.com,BA,low,2023-01-24,2023-01-03
CUST_00501,EXT_00141,userext_00141@email.com,,high,2023-08-31,2023-12-11
CUST_00502,EXT_00468,userext_00468@email.com,RJ,mid,2023-06-17,2023-10-21
CUST_00503,EXT_00327,userext_00327@email.com,RJ,,2023-11-12,2024-04-19
CUST_00504,EXT_00863,userext_00863@email.com,MG,high,2023-09-17,2024-03-17
CUST_00505,EXT_00522,userext_00522@email.com,BA,,2023-12-29,2024-04-21
CUST_00506,EXT_00307,userext_00307@email.com,CE,low,2023-07-08,2023-08-31
CUST_00507,EXT_00690,userext_00690@email.com,SP,,2023-10-26,2023-12-13
CUST_00508,EXT_00816,userext_00816@email.com,,low,2023-11-02,2024-02-01
CUST_00509,EXT_00272,userext_00272@email.com,,mid,2024-01-05,2023-12-19
CUST_00510,EXT_00598,userext_00598@email.com,CE,mid,2023-09-26,2024-02-04
CUST_00511,EXT_00739,userext_00739@email.com,BA,,2023-03-17,2023-09-13
CUST_00512,EXT_00698,userext_00698@email.com,RJ,low,2023-10-21,2024-03-18
CUST_00513,EXT_00113,userext_00113@email.com,RJ,low,2023-08-14,2023-10-03
CUST_00514,EXT_00429,userext_00429@email.com,RJ,,2023-12-20,2024-01-11
CUST_00515,EXT_00421,userext_00421@email.com,BA,,2024-01-12,2024-06-16
CUST_00516,EXT_00064,userext_00064@email.com,,mid,2023-09-23,2023-10-16
CUST_00517,EXT_00575,userext_00575@email.com,MG,,2023-09-27,2023-12-02
CUST_00518,EXT_00322,userext_00322@email.com,RJ,,2023-09-30,2023-11-26
CUST_00519,EXT_00560,userext_00560@email.com,MG,high,2023-11-09,2024-02-10
CUST_00520,EXT_00197,userext_00197@email.com,RJ,high,2023-10-13,2023-11-28
CUST_00521,EXT_00231,userext_00231@email.com,MG,high,2023-12-27,2024-01-19
CUST_00522,EXT_00707,userext_00707@email.com,,,2023-06-12,2023-09-12
CUST_00523,EXT_00358,userext_00358@email.com,BA,high,2023-05-28,2023-05-29
CUST_00524,EXT_00588,userext_00588@email.com,,,2023-07-22,2024-01-17
CUST_00525,EXT_00354,userext_00354@email.com,RJ,high,2023-01-22,2023-03-06
CUST_00526,EXT_00732,userext_00732@email.com,SP,high,2023-08-15,2023-12-30
CUST_00527,EXT_00263,userext_00263@email.com,,,2023-04-20,2023-05-11
CUST_00528,EXT_00848,userext_00848@email.com,BA,high,2023-10-15,2024-03-11
CUST_00529,EXT_00279,userext_00279@email.com,RJ,low,2023-11-12,2024-04-19
CUST_00530,EXT_00601,userext_00601@email.com,RJ,mid,2023-01-26,2023-06-16
CUST_00531,EXT_00544,userext_00544@email.com,RJ,mid,2023-01-27,2023-01-22
CUST_00532,EXT_00424,userext_00424@email.com,MG,,2023-02-21,2023-07-15
CUST_00533,EXT_00790,userext_00790@email.com,RJ,low,2023-10-09,2023-10-19
CUST_00534,EXT_00417,userext_00417@email.com,,,2023-09-02,2024-01-16
CUST_00535,EXT_00205,userext_00205@email.com,MG,high,2023-05-27,2023-10-09
CUST_00536,EXT_00061,userext_00061@email.com,SP,mid,2023-10-01,2024-03-08
CUST_00537,EXT_00741,userext_00741@email.com,SP,mid,2023-08-02,2024-02-13
CUST_00538,EXT_00858,userext_00858@email.com,RJ,low,2023-07-23,2024-01-10
CUST_00539,EXT_00508,userext_00508@email.com,RJ,high,2023-01-20,2022-12-23
CUST_00540,EXT_00306,userext_00306@email.com,BA,low,2023-06-21,2023-08-02
CUST_00541,EXT_00466,userext_00466@email.com,,,2023-03-10,2023-09-13
CUST_00542,EXT_00517,userext_00517@email.com,CE,high,2023-04-09,2023-10-03
CUST_00543,EXT_00116,userext_00116@email.com,MG,mid,2024-01-10,2024-04-06
CUST_00544,EXT_00664,userext_00664@email.com,MG,mid,2023-01-08,2023-06-15
CUST_00545,EXT_00346,userext_00346@email.com,MG,mid,2023-03-31,2023-08-04
CUST_00546,EXT_00877,userext_00877@email.com,,,2023-08-07,2023-11-16
CUST_00547,EXT_00336,userext_00336@email.com,SP,,2023-12-09,2023-12-03
CUST_00548,EXT_00190,userext_00190@email.com,RJ,,2023-06-15,2023-07-18
CUST_00549,EXT_00007,userext_00007@email.com,MG,,2023-05-01,2023-07-24
CUST_00550,EXT_00772,userext_00772@email.com,MG,high,2023-06-04,2023-10-01
CUST_00551,EXT_00741,userext_00741@email.com,BA,low,2023-05-14,2023-09-28
CUST_00552,EXT_00369,userext_00369@email.com,,mid,2023-02-01,2023-06-21
CUST_00553,EXT_00122,userext_00122@email.com,CE,high,2023-03-23,2023-06-04
CUST_00554,EXT_00703,userext_00703@email.com,BA,high,2023-12-20,2023-12-20
CUST_00555,EXT_00655,userext_00655@email.com,MG,high,2023-11-11,2023-12-07
CUST_00556,EXT_00225,userext_00225@email.com,RJ,,2023-03-20,2023-06-14
CUST_00557,EXT_00766,userext_00766@email.com,BA,high,2023-08-01,2023-12-28
CUST_00558,EXT_00563,userext_00563@email.com,CE,mid,2024-01-26,2024-02-28
CUST_00559,EXT_00697,userext_00697@email.com,BA,low,2023-09-27,2023-12-20
CUST_00560,EXT_00541,userext_00541@email.com,,high,2023-02-09,2023-06-03
CUST_00561,EXT_00115,userext_00115@email.com,SP,mid,2023-10-21,2024-02-05
CUST_00562,EXT_00154,userext_00154@email.com,RJ,high,2023-09-24,2023-12-16
CUST_00563,EXT_00120,userext_00120@email.com,,mid,2024-01-03,2024-05-01
CUST_00564,EXT_00501,userext_00501@email.com,SP,,2023-01-29,2023-04-25
CUST_00565,EXT_00136,userext_00136@email.com,BA,,2023-08-22,2023-12-14
CUST_00566,EXT_00060,userext_00060@email.com,BA,,2023-12-11,2024-06-04
CUST_00567,EXT_00316,userext_00316@email.com,,low,2023-07-22,2023-08-26
CUST_00568,EXT_00837,userext_00837@email.com,SP,mid,2023-10-24,2023-10-12
CUST_00569,EXT_00047,userext_00047@email.com,CE,high,2023-12-25,2023-12-11
CUST_00570,EXT_00555,userext_00555@email.com,SP,low,2023-08-30,2023-08-08
CUST_00571,EXT_00294,userext_00294@email.com,CE,mid,2024-01-29,2024-02-02
CUST_00572,EXT_00785,userext_00785@email.com,,,2023-07-11,2024-01-25
CUST_00573,EXT_00392,userext_00392@email.com,CE,,2023-07-12,2023-07-02
CUST_00574,EXT_00700,userext_00700@email.com,,mid,2023-12-01,2024-06-08
CUST_00575,EXT_00357,userext_00357@email.com,SP,mid,2023-10-03,2023-12-12
CUST_00576,EXT_00542,userext_00542@email.com,RJ,mid,2023-01-02,2023-06-14
CUST_00577,EXT_00024,userext_00024@email.com,MG,,2023-12-11,2024-05-13
CUST_00578,EXT_00558,userext_00558@email.com,CE,,2023-04-28,2023-05-31
CUST_00579,EXT_00472,userext_00472@email.com,MG,mid,2023-05-22,2023-06-09
CUST_00580,EXT_00897,userext_00897@email.com,,low,2023-01-17,2023-07-13
CUST_00581,EXT_00677,userext_00677@email.com,CE,low,2023-05-04,2023-05-26
CUST_00582,EXT_00069,userext_00069@email.com,SP,low,2023-08-17,2023-12-18
CUST_00583,EXT_00689,userext_00689@email.com,,low,2023-05-06,2023-10-12
CUST_00584,EXT_00046,userext_00046@email.com,CE,,2023-04-30,2023-08-16
CUST_00585,EXT_00223,userext_00223@email.com,SP,mid,2023-09-15,2023-10-29
CUST_00586,EXT_00240,userext_00240@email.com,,high,2023-10-23,2024-02-23
CUST_00587,EXT_00792,userext_00792@email.com,,high,2023-05-02,2023-06-18
CUST_00588,EXT_00898,userext_00898@email.com,RJ,mid,2023-07-31,2023-09-15
CUST_00589,EXT_00282,userext_00282@email.com,SP,mid,2023-11-17,2024-04-08
CUST_00590,EXT_00438,userext_00438@email.com,BA,,2023-01-25,2023-03-24
CUST_00591,EXT_00659,userext_00659@email.com,,,2023-09-26,2023-11-16
CUST_00592,EXT_00714,userext_00714@email.com,CE,,2023-03-18,2023-05-03
CUST_00593,EXT_00386,userext_00386@email.com,RJ,,2023-05-04,2023-11-07
CUST_00594,EXT_00231,userext_00231@email.com,MG,mid,2023-08-26,2023-08-10
CUST_00595,EXT_00576,userext_00576@email.com,CE,,2023-10-13,2024-01-26
CUST_00596,EXT_00138,userext_00138@email.com,CE,mid,2023-05-11,2023-06-02
CUST_00597,EXT_00339,userext_00339@email.com,,low,2023-08-19,2024-02-21
CUST_00598,EXT_00380,userext_00380@email.com,SP,mid,2023-01-27,2023-03-06
CUST_00599,EXT_00387,userext_00387@email.com,,low,2023-02-07,2023-02-25
CUST_00600,EXT_00824,userext_00824@email.com,BA,mid,2023-09-03,2023-09-26
CUST_00601,EXT_00891,userext_00891@email.com,MG,high,2023-01-08,2023-02-01
CUST_00602,EXT_00195,userext_00195@email.com,,low,2024-01-18,2024-06-29
CUST_00603,EXT_00491,userext_00491@email.com,RJ,mid,2023-07-23,2023-08-23
CUST_00604,EXT_00566,userext_00566@email.com,MG,high,2023-07-14,2023-10-11
CUST_00605,EXT_00547,userext_00547@email.com,,high,2023-06-07,2023-07-13
CUST_00606,EXT_00369,userext_00369@email.com,BA,,2023-08-27,2023-08-22
CUST_00607,EXT_00823,userext_00823@email.com,,,2024-01-25,2024-07-27
CUST_00608,EXT_00328,userext_00328@email.com,RJ,high,2023-06-10,2023-08-24
CUST_00609,EXT_00047,userext_00047@email.com,BA,mid,2024-01-15,2024-01-22
CUST_00610,EXT_00017,userext_00017@email.com,MG,,2023-06-01,2023-06-10
CUST_00611,EXT_00201,userext_00201@email.com,MG,mid,2023-07-14,2023-11-06
CUST_00612,EXT_00854,userext_00854@email.com,RJ,,2023-10-09,2024-02-23
CUST_00613,EXT_00702,userext_00702@email.com,MG,high,2024-01-26,2024-07-24
CUST_00614,EXT_00501,userext_00501@email.com,,,2023-08-24,2023-09-06
CUST_00615,EXT_00751,userext_00751@email.com,MG,mid,2023-03-13,2023-08-14
CUST_00616,EXT_00560,userext_00560@email.com,CE,mid,2023-10-05,2024-02-16
CUST_00617,EXT_00061,userext_00061@email.com,BA,low,2023-02-08,2023-08-06
CUST_00618,EXT_00685,userext_00685@email.com,SP,low,2023-07-31,2023-08-05
CUST_00619,EXT_00863,userext_00863@email.com,,mid,2023-02-04,2023-07-05
CUST_00620,EXT_00155,userext_00155@email.com,SP,mid,2023-09-16,2023-12-11
CUST_00621,EXT_00383,userext_00383@email.com,SP,,2023-12-04,2024-03-07
CUST_00622,EXT_00017,userext_00017@email.com,SP,,2023-01-07,2022-12-12
CUST_00623,EXT_00543,userext_00543@email.com,,high,2023-10-02,2023-11-14
CUST_00624,EXT_00018,userext_00018@email.com,BA,,2023-04-02,2023-03-30
CUST_00625,EXT_00099,userext_00099@email.com,BA,mid,2023-05-04,2023-05-23
CUST_00626,EXT_00635,userext_00635@email.com,BA,high,2023-07-01,2023-08-08
CUST_00627,EXT_00815,userext_00815@email.com,CE,low,2023-07-11,2023-09-22
CUST_00628,EXT_00471,userext_00471@email.com,BA,mid,2023-12-23,2024-01-19
CUST_00629,EXT_00308,userext_00308@email.com,,low,2023-12-01,2024-06-07
CUST_00630,EXT_00666,userext_00666@email.com,SP,low,2023-07-27,2023-10-02
CUST_00631,EXT_00387,userext_00387@email.com,BA,,2023-01-29,2023-06-11
CUST_00632,EXT_00010,userext_00010@email.com,,mid,2023-02-12,2023-05-20
CUST_00633,EXT_00866,userext_00866@email.com,CE,high,2023-10-17,2024-04-23
CUST_00634,EXT_00098,userext_00098@email.com,BA,low,2023-04-28,2023-05-22
CUST_00635,EXT_00889,userext_00889@email.com,,,2023-05-19,2023-04-30
CUST_00636,EXT_00077,userext_00077@email.com,,high,2023-10-06,2024-01-28
CUST_00637,EXT_00674,userext_00674@email.com,SP,mid,2023-06-11,2023-05-16
CUST_00638,EXT_00213,userext_00213@email.com,BA,mid,2024-01-21,2024-07-19
CUST_00639,EXT_00730,userext_00730@email.com,CE,low,2023-06-03,2023-06-14
CUST_00640,EXT_00578,userext_00578@email.com,RJ,,2023-12-13,2024-06-29
CUST_00641,EXT_00554,userext_00554@email.com,MG,,2024-01-22,2024-06-29
CUST_00642,EXT_00144,userext_00144@email.com,,low,2023-09-14,2024-02-21
CUST_00643,EXT_00355,userext_00355@email.com,SP,low,2023-08-12,2023-09-10
CUST_00644,EXT_00859,userext_00859@email.com,SP,high,2023-11-06,2024-04-20
CUST_00645,EXT_00629,userext_00629@email.com,BA,,2024-02-01,2024-03-25
CUST_00646,EXT_00031,userext_00031@email.com,,high,2023-08-19,2023-11-22
CUST_00647,EXT_00234,userext_00234@email.com,MG,,2023-08-10,2023-08-27
CUST_00648,EXT_00697,userext_00697@email.com,BA,,2023-02-13,2023-07-30
CUST_00649,EXT_00634,userext_00634@email.com,MG,mid,2024-01-01,2023-12-20
CUST_00650,EXT_00085,userext_00085@email.com,MG,mid,2023-07-14,2023-12-13
CUST_00651,EXT_00803,userext_00803@email.com,,mid,2024-01-14,2024-03-23
CUST_00652,EXT_00325,userext_00325@email.com,MG,low,2023-02-16,2023-01-18
CUST_00653,EXT_00316,userext_00316@email.com,CE,high,2024-01-25,2024-03-04
CUST_00654,EXT_00105,userext_00105@email.com,RJ,low,2023-04-06,2023-06-25
CUST_00655,EXT_00460,userext_00460@email.com,BA,,2023-02-22,2023-01-29
CUST_00656,EXT_00092,userext_00092@email.com,MG,low,2023-11-02,2024-03-04
CUST_00657,EXT_00804,userext_00804@email.com,MG,,2023-01-07,2023-02-20
CUST_00658,EXT_00424,userext_00424@email.com,CE,low,2024-01-07,2024-07-25
CUST_00659,EXT_00573,userext_00573@email.com,RJ,mid,2023-12-17,2024-02-22
CUST_00660,EXT_00174,userext_00174@email.com,RJ,high,2023-06-04,2023-07-12
CUST_00661,EXT_00505,userext_00505@email.com,RJ,low,2023-03-27,2023-06-16
CUST_00662,EXT_00283,userext_00283@email.com,CE,high,2023-09-05,2024-02-22
CUST_00663,EXT_00079,userext_00079@email.com,MG,high,2023-05-07,2023-10-08
CUST_00664,EXT_00641,userext_00641@email.com,CE,mid,2023-08-23,2023-08-20
CUST_00665,EXT_00139,userext_00139@email.com,MG,low,2023-07-22,2023-09-15
CUST_00666,EXT_00862,userext_00862@email.com,BA,,2023-06-18,2023-09-08
CUST_00667,EXT_00343,userext_00343@email.com,CE,mid,2023-06-03,2023-07-25
CUST_00668,EXT_00618,userext_00618@email.com,,mid,2023-09-03,2023-10-23
CUST_00669,EXT_00182,userext_00182@email.com,CE,high,2023-05-30,2023-11-04
CUST_00670,EXT_00712,userext_00712@email.com,,,2023-10-22,2024-04-09
CUST_00671,EXT_00249,userext_00249@email.com,MG,,2023-05-24,2023-11-19
CUST_00672,EXT_00805,userext_00805@email.com,CE,high,2023-02-28,2023-06-22
CUST_00673,EXT_00205,userext_00205@email.com,BA,mid,2023-12-16,2024-05-30
CUST_00674,EXT_00564,userext_00564@email.com,SP,,2023-12-29,2024-01-21
CUST_00675,EXT_00449,userext_00449@email.com,MG,low,2023-07-29,2023-12-18
CUST_00676,EXT_00512,userext_00512@email.com,RJ,high,2023-05-04,2023-06-07
CUST_00677,EXT_00675,userext_00675@email.com,RJ,,2023-07-13,2023-07-01
CUST_00678,EXT_00460,userext_00460@email.com,BA,,2023-10-26,2024-01-06
CUST_00679,EXT_00548,userext_00548@email.com,BA,,2023-10-06,2023-09-15
CUST_00680,EXT_00810,userext_00810@email.com,MG,low,2023-02-25,2023-08-10
CUST_00681,EXT_00255,userext_00255@email.com,,high,2023-03-27,2023-08-09
CUST_00682,EXT_00628,userext_00628@email.com,SP,,2024-01-21,2024-03-15
CUST_00683,EXT_00816,userext_00816@email.com,CE,low,2023-01-06,2023-01-01
CUST_00684,EXT_00265,userext_00265@email.com,RJ,mid,2023-08-17,2023-10-21
CUST_00685,EXT_00401,userext_00401@email.com,CE,mid,2023-06-26,2023-06-02
CUST_00686,EXT_00495,userext_00495@email.com,SP,high,2023-08-01,2023-07-23
CUST_00687,EXT_00119,userext_00119@email.com,,mid,2023-06-28,2023-08-16
CUST_00688,EXT_00352,userext_00352@email.com,CE,mid,2023-09-24,2023-12-26
CUST_00689,EXT_00357,userext_00357@email.com,CE,low,2023-08-13,2024-01-14
CUST_00690,EXT_00714,userext_00714@email.com,CE,high,2023-02-04,2023-03-22
CUST_00691,EXT_00046,userext_00046@email.com,,low,2023-01-12,2023-07-18
CUST_00692,EXT_00352,userext_00352@email.com,,low,2023-12-13,2024-06-04
CUST_00693,EXT_00169,userext_00169@email.com,,mid,2023-09-22,2023-10-06
CUST_00694,EXT_00566,userext_00566@email.com,RJ,high,2023-10-14,2024-01-01
CUST_00695,EXT_00474,userext_00474@email.com,RJ,,2023-11-19,2023-12-06
CUST_00696,EXT_00191,userext_00191@email.com,,,2023-07-22,2023-06-29
CUST_00697,EXT_00756,userext_00756@email.com,BA,mid,2023-08-19,2023-12-18
CUST_00698,EXT_00440,userext_00440@email.com,CE,low,2023-12-27,2024-01-20
CUST_00699,EXT_00211,userext_00211@email.com,MG,low,2023-10-23,2023-10-19
CUST_00700,EXT_00819,userext_00819@email.com,BA,mid,2023-07-07,2023-08-29
CUST_00701,EXT_00202,userext_00202@email.com,CE,low,2023-05-15,2023-10-03
CUST_00702,EXT_00884,userext_00884@email.com,CE,high,2023-11-02,2024-01-10
CUST_00703,EXT_00626,userext_00626@email.com,CE,low,2023-06-28,2023-08-27
CUST_00704,EXT_00866,userext_00866@email.com,CE,mid,2023-12-11,2024-05-09
CUST_00705,EXT_00820,userext_00820@email.com,MG,low,2023-12-11,2023-12-15
CUST_00706,EXT_00321,userext_00321@email.com,SP,mid,2023-06-06,2023-06-05
CUST_00707,EXT_00188,userext_00188@email.com,MG,mid,2023-09-19,2023-11-27
CUST_00708,EXT_00429,userext_00429@email.com,BA,mid,2023-10-22,2023-12-29
CUST_00709,EXT_00434,userext_00434@email.com,RJ,,2023-11-22,2024-03-08
CUST_00710,EXT_00711,userext_00711@email.com,,mid,2023-10-12,2023-10-24
CUST_00711,EXT_00502,userext_00502@email.com,MG,mid,2023-04-06,2023-05-26
CUST_00712,EXT_00863,userext_00863@email.com,CE,low,2023-07-03,2023-06-05
CUST_00713,EXT_00497,userext_00497@email.com,RJ,mid,2023-07-16,2023-11-06
CUST_00714,EXT_00518,userext_00518@email.com,,,2023-07-29,2023-12-21
CUST_00715,EXT_00504,userext_00504@email.com,CE,,2023-09-08,2023-09-20
CUST_00716,EXT_00085,userext_00085@email.com,BA,low,2024-01-25,2024-02-20
CUST_00717,EXT_00300,userext_00300@email.com,SP,high,2023-04-26,2023-08-11
CUST_00718,EXT_00296,userext_00296@email.com,RJ,,2023-10-17,2024-03-25
CUST_00719,EXT_00792,userext_00792@email.com,CE,low,2023-10-21,2023-10-20
CUST_00720,EXT_00275,userext_00275@email.com,BA,high,2023-10-05,2024-04-02
CUST_00721,EXT_00775,userext_00775@email.com,SP,,2023-10-07,2023-11-01
CUST_00722,EXT_00436,userext_00436@email.com,SP,mid,2023-06-02,2023-12-12
CUST_00723,EXT_00034,userext_00034@email.com,CE,high,2023-06-28,2024-01-04
CUST_00724,EXT_00837,userext_00837@email.com,SP,,2023-03-02,2023-08-17
CUST_00725,EXT_00832,userext_00832@email.com,RJ,mid,2024-01-13,2024-05-12
CUST_00726,EXT_00706,userext_00706@email.com,MG,,2023-03-26,2023-07-31
CUST_00727,EXT_00143,userext_00143@email.com,RJ,mid,2023-01-31,2023-05-26
CUST_00728,EXT_00360,userext_00360@email.com,BA,high,2023-11-02,2024-02-17
CUST_00729,EXT_00173,userext_00173@email.com,MG,high,2023-05-29,2023-09-22
CUST_00730,EXT_00274,userext_00274@email.com,BA,low,2023-03-11,2023-08-20
CUST_00731,EXT_00805,userext_00805@email.com,CE,low,2023-05-22,2023-11-29
CUST_00732,EXT_00672,userext_00672@email.com,RJ,mid,2023-05-08,2023-05-15
CUST_00733,EXT_00729,userext_00729@email.com,MG,mid,2024-01-25,2024-07-28
CUST_00734,EXT_00693,userext_00693@email.com,CE,,2023-03-14,2023-07-09
CUST_00735,EXT_00648,userext_00648@email.com,MG,,2023-07-12,2023-10-05
CUST_00736,EXT_00078,userext_00078@email.com,,low,2023-07-26,2023-11-04
CUST_00737,EXT_00768,userext_00768@email.com,MG,high,2023-08-21,2023-11-23
CUST_00738,EXT_00336,userext_00336@email.com,BA,low,2024-02-01,2024-08-05
CUST_00739,EXT_00751,userext_00751@email.com,SP,,2023-11-22,2024-04-10
CUST_00740,EXT_00715,userext_00715@email.com,MG,low,2023-10-01,2023-12-11
CUST_00741,EXT_00224,userext_00224@email.com,CE,mid,2023-09-11,2023-10-19
CUST_00742,EXT_00331,userext_00331@email.com,MG,high,2023-10-08,2024-02-02
CUST_00743,EXT_00134,userext_00134@email.com,BA,,2023-06-25,2024-01-09
CUST_00744,EXT_00699,userext_00699@email.com,SP,low,2023-02-20,2023-06-30
CUST_00745,EXT_00803,userext_00803@email.com,CE,low,2023-03-05,2023-09-10
CUST_00746,EXT_00162,userext_00162@email.com,CE,,2023-01-01,2023-03-21
CUST_00747,EXT_00208,userext_00208@email.com,,mid,2023-11-29,2024-01-15
CUST_00748,EXT_00163,userext_00163@email.com,MG,low,2023-12-02,2024-02-02
CUST_00749,EXT_00257,userext_00257@email.com,SP,high,2023-12-07,2024-04-21
CUST_00750,EXT_00170,userext_00170@email.com,SP,,2023-11-17,2024-01-04
CUST_00751,EXT_00744,userext_00744@email.com,,mid,2023-08-08,2023-12-23
CUST_00752,EXT_00094,userext_00094@email.com,,low,2023-01-01,2023-01-25
CUST_00753,EXT_00489,userext_00489@email.com,SP,mid,2023-10-31,2023-11-27
CUST_00754,EXT_00532,userext_00532@email.com,,,2023-01-05,2022-12-08
CUST_00755,EXT_00713,userext_00713@email.com,MG,low,2023-08-05,2023-12-30
CUST_00756,EXT_00136,userext_00136@email.com,CE,low,2023-04-28,2023-07-05
CUST_00757,EXT_00092,userext_00092@email.com,,low,2023-02-22,2023-04-13
CUST_00758,EXT_00377,userext_00377@email.com,MG,mid,2023-07-15,2023-12-30
CUST_00759,EXT_00833,userext_00833@email.com,RJ,mid,2023-02-05,2023-05-21
CUST_00760,EXT_00577,userext_00577@email.com,SP,mid,2023-08-14,2023-10-12
CUST_00761,EXT_00740,userext_00740@email.com,RJ,mid,2023-07-30,2023-12-04
CUST_00762,EXT_00704,userext_00704@email.com,CE,mid,2023-02-14,2023-09-01
CUST_00763,EXT_00103,userext_00103@email.com,RJ,low,2023-10-29,2024-04-02
CUST_00764,EXT_00394,userext_00394@email.com,MG,,2023-06-11,2023-11-30
CUST_00765,EXT_00144,userext_00144@email.com,RJ,high,2023-11-27,2023-11-18
CUST_00766,EXT_00255,userext_00255@email.com,BA,high,2024-02-03,2024-06-28
CUST_00767,EXT_00028,userext_00028@email.com,,high,2023-04-16,2023-07-27
CUST_00768,EXT_00622,userext_00622@email.com,BA,mid,2024-01-18,2024-03-28
CUST_00769,EXT_00303,userext_00303@email.com,,low,2023-05-03,2023-08-07
CUST_00770,EXT_00396,userext_00396@email.com,SP,mid,2023-09-13,2024-01-24
CUST_00771,EXT_00609,userext_00609@email.com,SP,low,2023-07-04,2023-08-24
CUST_00772,EXT_00136,userext_00136@email.com,CE,,2023-07-07,2023-10-24
CUST_00773,EXT_00700,userext_00700@email.com,RJ,,2024-01-30,2024-01-18
CUST_00774,EXT_00018,userext_00018@email.com,BA,low,2023-01-08,2023-02-14
CUST_00775,EXT_00221,userext_00221@email.com,SP,low,2023-07-23,2023-10-30
CUST_00776,EXT_00294,userext_00294@email.com,,,2023-08-05,2024-01-01
CUST_00777,EXT_00412,userext_00412@email.com,SP,mid,2023-05-23,2023-05-14
CUST_00778,EXT_00318,userext_00318@email.com,SP,mid,2023-03-21,2023-07-06
CUST_00779,EXT_00335,userext_00335@email.com,CE,low,2023-06-08,2023-11-03
CUST_00780,EXT_00448,userext_00448@email.com,,mid,2023-01-30,2023-03-03
CUST_00781,EXT_00089,userext_00089@email.com,CE,low,2023-08-21,2023-12-25
CUST_00782,EXT_00624,userext_00624@email.com,SP,high,2023-12-08,2024-05-15
CUST_00783,EXT_00674,userext_00674@email.com,,mid,2023-03-03,2023-02-04
CUST_00784,EXT_00725,userext_00725@email.com,RJ,low,2023-03-25,2023-06-30
CUST_00785,EXT_00356,userext_00356@email.com,BA,high,2023-03-27,2023-05-31
CUST_00786,EXT_00130,userext_00130@email.com,,high,2024-01-11,2024-07-25
CUST_00787,EXT_00121,userext_00121@email.com,SP,high,2023-08-08,2023-09-16
CUST_00788,EXT_00537,userext_00537@email.com,SP,high,2023-12-31,2024-04-26
CUST_00789,EXT_00643,userext_00643@email.com,SP,,2023-08-22,2023-11-30
CUST_00790,EXT_00369,userext_00369@email.com,SP,,2023-10-18,2023-10-30
CUST_00791,EXT_00377,userext_00377@email.com,RJ,high,2024-01-31,2024-01-27
CUST_00792,EXT_00588,userext_00588@email.com,,low,2023-04-27,2023-10-03
CUST_00793,EXT_00522,userext_00522@email.com,SP,low,2023-01-07,2023-02-08
CUST_00794,EXT_00048,userext_00048@email.com,CE,high,2023-07-16,2023-07-24
CUST_00795,EXT_00184,userext_00184@email.com,SP,,2023-04-25,2023-06-16
CUST_00796,EXT_00255,userext_00255@email.com,CE,high,2023-05-19,2023-11-16
CUST_00797,EXT_00080,userext_00080@email.com,BA,high,2023-03-03,2023-06-09
CUST_00798,EXT_00690,userext_00690@email.com,SP,mid,2023-04-25,2023-10-17
CUST_00799,EXT_00529,userext_00529@email.com,SP,,2023-02-05,2023-08-18
CUST_00800,EXT_00477,userext_00477@email.com,MG,high,2023-06-17,2023-06-09
CUST_00801,EXT_00567,userext_00567@email.com,CE,low,2023-07-08,2023-07-29
CUST_00802,EXT_00299,userext_00299@email.com,BA,high,2024-01-14,2024-05-22
CUST_00803,EXT_00249,userext_00249@email.com,CE,high,2023-10-30,2024-02-03
CUST_00804,EXT_00792,userext_00792@email.com,RJ,mid,2023-03-19,2023-02-18
CUST_00805,EXT_00420,userext_00420@email.com,SP,mid,2023-10-05,2023-12-02
CUST_00806,EXT_00652,userext_00652@email.com,,low,2023-06-21,2023-05-22
CUST_00807,EXT_00778,userext_00778@email.com,,,2024-01-13,2024-06-17
CUST_00808,EXT_00315,userext_00315@email.com,SP,mid,2023-09-29,2023-10-29
CUST_00809,EXT_00430,userext_00430@email.com,CE,low,2023-03-14,2023-08-13
CUST_00810,EXT_00287,userext_00287@email.com,SP,low,2023-04-29,2023-11-14
CUST_00811,EXT_00866,userext_00866@email.com,BA,,2023-12-25,2024-07-11
CUST_00812,EXT_00382,userext_00382@email.com,CE,low,2023-10-25,2023-10-19
CUST_00813,EXT_00518,userext_00518@email.com,RJ,,2023-02-08,2023-06-09
CUST_00814,EXT_00582,userext_00582@email.com,SP,,2023-12-06,2023-12-09
CUST_00815,EXT_00243,userext_00243@email.com,MG,high,2023-06-11,2023-12-03
CUST_00816,EXT_00403,userext_00403@email.com,,high,2023-06-12,2023-09-05
CUST_00817,EXT_00279,userext_00279@email.com,RJ,low,2023-04-14,2023-04-18
CUST_00818,EXT_00799,userext_00799@email.com,BA,low,2023-03-21,2023-03-18
CUST_00819,EXT_00169,userext_00169@email.com,CE,,2023-06-10,2023-08-23
CUST_00820,EXT_00124,userext_00124@email.com,BA,high,2024-01-30,2024-02-22
CUST_00821,EXT_00463,userext_00463@email.com,MG,,2023-05-16,2023-11-20
CUST_00822,EXT_00123,userext_00123@email.com,SP,mid,2023-12-18,2024-02-03
CUST_00823,EXT_00847,userext_00847@email.com,,low,2023-04-21,2023-10-21
CUST_00824,EXT_00878,userext_00878@email.com,MG,mid,2023-02-16,2023-07-18
CUST_00825,EXT_00255,userext_00255@email.com,MG,,2023-09-20,2023-09-02
CUST_00826,EXT_00694,userext_00694@email.com,MG,high,2023-03-31,2023-03-08
CUST_00827,EXT_00415,userext_00415@email.com,CE,mid,2023-02-18,2023-05-17
CUST_00828,EXT_00105,userext_00105@email.com,RJ,low,2023-01-07,2022-12-23
CUST_00829,EXT_00851,userext_00851@email.com,RJ,mid,2023-04-12,2023-10-09
CUST_00830,EXT_00411,userext_00411@email.com,MG,low,2023-10-26,2024-02-23
CUST_00831,EXT_00266,userext_00266@email.com,SP,low,2023-02-03,2023-02-23
CUST_00832,EXT_00662,userext_00662@email.com,CE,mid,2023-02-17,2023-08-22
CUST_00833,EXT_00850,userext_00850@email.com,MG,low,2023-01-22,2023-04-20
CUST_00834,EXT_00052,userext_00052@email.com,RJ,,2024-01-06,2024-03-17
CUST_00835,EXT_00509,userext_00509@email.com,SP,,2023-12-16,2024-03-04
CUST_00836,EXT_00177,userext_00177@email.com,MG,mid,2023-04-06,2023-05-16
CUST_00837,EXT_00287,userext_00287@email.com,CE,mid,2023-01-18,2023-05-25
CUST_00838,EXT_00635,userext_00635@email.com,BA,mid,2023-11-28,2024-01-12
CUST_00839,EXT_00511,userext_00511@email.com,CE,,2023-02-01,2023-01-24
CUST_00840,EXT_00287,userext_00287@email.com,CE,mid,2023-08-03,2023-08-24
CUST_00841,EXT_00659,userext_00659@email.com,BA,mid,2023-11-19,2024-05-12
CUST_00842,EXT_00557,userext_00557@email.com,SP,,2024-02-05,2024-07-06
CUST_00843,EXT_00368,userext_00368@email.com,CE,,2023-06-26,2023-10-18
CUST_00844,EXT_00515,userext_00515@email.com,MG,,2023-05-19,2023-06-04
CUST_00845,EXT_00027,userext_00027@email.com,MG,mid,2023-01-16,2023-08-03
CUST_00846,EXT_00831,userext_00831@email.com,MG,low,2023-08-30,2023-12-13
CUST_00847,EXT_00367,userext_00367@email.com,BA,mid,2023-03-23,2023-03-18
CUST_00848,EXT_00254,userext_00254@email.com,,mid,2023-05-17,2023-08-31
CUST_00849,EXT_00836,userext_00836@email.com,,low,2024-01-27,2024-02-22
CUST_00850,EXT_00590,userext_00590@email.com,CE,high,2023-03-30,2023-04-14
CUST_00851,EXT_00243,userext_00243@email.com,BA,high,2024-01-13,2024-06-09
CUST_00852,EXT_00368,userext_00368@email.com,BA,low,2023-12-27,2024-05-24
CUST_00853,EXT_00361,userext_00361@email.com,BA,mid,2023-10-16,2023-11-03
CUST_00854,EXT_00857,userext_00857@email.com,CE,high,2023-03-31,2023-07-04
CUST_00855,EXT_00039,userext_00039@email.com,SP,low,2023-04-30,2023-09-01
CUST_00856,EXT_00225,userext_00225@email.com,SP,,2023-01-01,2023-02-24
CUST_00857,EXT_00629,userext_00629@email.com,RJ,mid,2023-06-24,2023-11-24
CUST_00858,EXT_00182,userext_00182@email.com,MG,low,2023-01-12,2023-01-19
CUST_00859,EXT_00601,userext_00601@email.com,,mid,2024-02-01,2024-01-30
CUST_00860,EXT_00867,userext_00867@email.com,BA,high,2023-02-07,2023-04-13
CUST_00861,EXT_00722,userext_00722@email.com,,,2023-10-28,2023-10-23
CUST_00862,EXT_00345,userext_00345@email.com,MG,high,2023-03-11,2023-03-21
CUST_00863,EXT_00750,userext_00750@email.com,CE,,2023-11-29,2024-01-19
CUST_00864,EXT_00179,userext_00179@email.com,,high,2023-04-25,2023-09-12
CUST_00865,EXT_00604,userext_00604@email.com,RJ,,2023-06-07,2023-11-11
CUST_00866,EXT_00706,userext_00706@email.com,MG,mid,2023-04-01,2023-09-04
CUST_00867,EXT_00002,userext_00002@email.com,,,2024-01-30,2024-05-24
CUST_00868,EXT_00034,userext_00034@email.com,RJ,high,2023-11-10,2023-12-06
CUST_00869,EXT_00655,userext_00655@email.com,BA,low,2023-09-12,2023-09-18
CUST_00870,EXT_00340,userext_00340@email.com,,low,2023-05-02,2023-06-29
CUST_00871,EXT_00328,userext_00328@email.com,RJ,low,2023-12-29,2024-05-18
CUST_00872,EXT_00655,userext_00655@email.com,,high,2023-08-17,2023-07-20
CUST_00873,EXT_00272,userext_00272@email.com,RJ,mid,2023-12-21,2023-12-08
CUST_00874,EXT_00359,userext_00359@email.com,MG,low,2024-01-04,2023-12-05
CUST_00875,EXT_00050,userext_00050@email.com,CE,,2024-01-11,2024-03-28
CUST_00876,EXT_00171,userext_00171@email.com,CE,,2023-07-13,2023-09-10
CUST_00877,EXT_00560,userext_00560@email.com,CE,low,2023-09-03,2024-02-21
CUST_00878,EXT_00885,userext_00885@email.com,BA,mid,2023-03-25,2023-06-18
CUST_00879,EXT_00076,userext_00076@email.com,SP,high,2023-01-11,2023-03-03
CUST_00880,EXT_00268,userext_00268@email.com,SP,low,2023-06-25,2023-07-08
CUST_00881,EXT_00385,userext_00385@email.com,RJ,low,2023-10-08,2024-04-24
CUST_00882,EXT_00096,userext_00096@email.com,MG,,2023-12-27,2023-12-04
CUST_00883,EXT_00442,userext_00442@email.com,,mid,2023-11-07,2024-05-22
CUST_00884,EXT_00445,userext_00445@email.com,RJ,low,2023-02-21,2023-04-16
CUST_00885,EXT_00211,userext_00211@email.com,RJ,,2023-12-23,2024-04-12
CUST_00886,EXT_00740,userext_00740@email.com,,high,2023-12-05,2024-01-16
CUST_00887,EXT_00305,userext_00305@email.com,RJ,low,2023-01-26,2023-04-06
CUST_00888,EXT_00586,userext_00586@email.com,BA,,2023-03-20,2023-03-03
CUST_00889,EXT_00370,userext_00370@email.com,SP,,2023-02-14,2023-03-31
CUST_00890,EXT_00844,userext_00844@email.com,,,2023-04-13,2023-04-07
CUST_00891,EXT_00027,userext_00027@email.com,RJ,mid,2023-11-23,2024-01-06
CUST_00892,EXT_00084,userext_00084@email.com,CE,low,2023-06-07,2023-11-24
CUST_00893,EXT_00408,userext_00408@email.com,CE,,2023-12-05,2024-01-11
CUST_00894,EXT_00094,userext_00094@email.com,,,2023-04-05,2023-06-08
CUST_00895,EXT_00391,userext_00391@email.com,MG,mid,2023-08-17,2023-07-29
CUST_00896,EXT_00270,userext_00270@email.com,CE,,2023-05-15,2023-06-11
CUST_00897,EXT_00858,userext_00858@email.com,MG,low,2023-03-19,2023-08-28
CUST_00898,EXT_00714,userext_00714@email.com,,low,2023-02-13,2023-07-04
CUST_00899,EXT_00353,userext_00353@email.com,BA,,2024-01-23,2024-05-22
CUST_00900,EXT_00233,userext_00233@email.com,BA,low,2023-07-18,2024-01-13
CUST_00901,EXT_00536,userext_00536@email.com,CE,,2023-10-21,2024-05-03
CUST_00902,EXT_00242,userext_00242@email.com,CE,high,2023-02-10,2023-04-22
CUST_00903,EXT_00875,userext_00875@email.com,,low,2023-09-15,2024-01-09
CUST_00904,EXT_00530,userext_00530@email.com,BA,mid,2023-03-03,2023-08-13
CUST_00905,EXT_00460,userext_00460@email.com,RJ,mid,2023-04-19,2023-10-12
CUST_00906,EXT_00198,userext_00198@email.com,RJ,low,2023-08-05,2023-07-26
CUST_00907,EXT_00700,userext_00700@email.com,CE,mid,2023-11-18,2023-11-25
CUST_00908,EXT_00855,userext_00855@email.com,BA,high,2023-06-13,2023-11-16
CUST_00909,EXT_00827,userext_00827@email.com,SP,low,2023-07-18,2023-11-07
CUST_00910,EXT_00407,userext_00407@email.com,BA,high,2023-05-22,2023-09-02
CUST_00911,EXT_00470,userext_00470@email.com,SP,,2023-02-27,2023-05-14
CUST_00912,EXT_00154,userext_00154@email.com,RJ,low,2023-02-24,2023-06-18
CUST_00913,EXT_00799,userext_00799@email.com,SP,high,2023-10-02,2024-04-14
CUST_00914,EXT_00353,userext_00353@email.com,CE,high,2023-07-16,2023-11-30
CUST_00915,EXT_00498,userext_00498@email.com,BA,,2023-01-20,2023-02-03
CUST_00916,EXT_00283,userext_00283@email.com,CE,mid,2023-11-13,2024-03-17
CUST_00917,EXT_00698,userext_00698@email.com,,,2023-01-20,2023-04-01
CUST_00918,EXT_00340,userext_00340@email.com,,mid,2023-01-26,2023-07-05
CUST_00919,EXT_00487,userext_00487@email.com,MG,high,2023-01-11,2023-03-08
CUST_00920,EXT_00838,userext_00838@email.com,MG,high,2023-05-24,2023-11-25
CUST_00921,EXT_00504,userext_00504@email.com,,low,2023-04-27,2023-05-01
CUST_00922,EXT_00308,userext_00308@email.com,,,2024-02-01,2024-07-31
CUST_00923,EXT_00329,userext_00329@email.com,MG,,2023-11-06,2024-03-20
CUST_00924,EXT_00092,userext_00092@email.com,RJ,,2023-04-19,2023-10-16
CUST_00925,EXT_00417,userext_00417@email.com,,,2024-01-24,2024-05-05
CUST_00926,EXT_00889,userext_00889@email.com,MG,low,2023-09-21,2024-03-11
CUST_00927,EXT_00163,userext_00163@email.com,SP,high,2023-12-30,2024-04-07
CUST_00928,EXT_00414,userext_00414@email.com,RJ,low,2023-03-30,2023-04-18
CUST_00929,EXT_00897,userext_00897@email.com,RJ,low,2023-05-08,2023-04-16
CUST_00930,EXT_00468,userext_00468@email.com,SP,high,2023-12-27,2024-01-16
CUST_00931,EXT_00281,userext_00281@email.com,MG,,2023-09-16,2023-11-26
CUST_00932,EXT_00651,userext_00651@email.com,SP,low,2023-05-04,2023-07-08
CUST_00933,EXT_00501,userext_00501@email.com,BA,,2023-04-01,2023-10-10
CUST_00934,EXT_00486,userext_00486@email.com,BA,high,2023-06-26,2023-07-07
CUST_00935,EXT_00858,userext_00858@email.com,MG,low,2023-05-26,2023-05-03
CUST_00936,EXT_00396,userext_00396@email.com,SP,mid,2023-10-20,2024-04-06
CUST_00937,EXT_00220,userext_00220@email.com,RJ,mid,2023-12-13,2024-01-04
CUST_00938,EXT_00276,userext_00276@email.com,,,2023-09-20,2023-08-26
CUST_00939,EXT_00886,userext_00886@email.com,,low,2023-08-31,2023-09-03
CUST_00940,EXT_00663,userext_00663@email.com,RJ,low,2023-04-25,2023-05-29
CUST_00941,EXT_00623,userext_00623@email.com,MG,high,2023-08-05,2024-02-20
CUST_00942,EXT_00386,userext_00386@email.com,MG,,2023-05-10,2023-06-04
CUST_00943,EXT_00478,userext_00478@email.com,MG,,2023-10-27,2023-10-23
CUST_00944,EXT_00008,userext_00008@email.com,BA,high,2023-10-15,2024-02-27
CUST_00945,EXT_00609,userext_00609@email.com,BA,high,2023-06-02,2023-10-25
CUST_00946,EXT_00111,userext_00111@email.com,CE,low,2023-06-22,2023-08-01
CUST_00947,EXT_00656,userext_00656@email.com,MG,high,2023-05-14,2023-09-28
CUST_00948,EXT_00729,userext_00729@email.com,,high,2023-04-07,2023-04-15
CUST_00949,EXT_00530,userext_00530@email.com,RJ,low,2023-11-04,2024-01-16
CUST_00950,EXT_00677,userext_00677@email.com,MG,mid,2024-01-05,2023-12-12
CUST_00951,EXT_00672,userext_00672@email.com,CE,high,2023-05-13,2023-07-29
CUST_00952,EXT_00415,userext_00415@email.com,CE,low,2023-10-26,2024-03-25
CUST_00953,EXT_00586,userext_00586@email.com,RJ,high,2024-01-07,2024-06-07
CUST_00954,EXT_00228,userext_00228@email.com,,,2023-12-10,2024-02-09
CUST_00955,EXT_00520,userext_00520@email.com,MG,mid,2023-12-03,2024-06-14
CUST_00956,EXT_00572,userext_00572@email.com,RJ,high,2023-02-19,2023-05-20
CUST_00957,EXT_00132,userext_00132@email.com,,high,2024-01-07,2024-07-01
CUST_00958,EXT_00573,userext_00573@email.com,RJ,high,2023-12-02,2023-11-24
CUST_00959,EXT_00228,userext_00228@email.com,MG,mid,2024-01-17,2024-07-28
CUST_00960,EXT_00315,userext_00315@email.com,CE,high,2023-07-10,2023-08-15
CUST_00961,EXT_00600,userext_00600@email.com,MG,,2023-03-02,2023-05-31
CUST_00962,EXT_00055,userext_00055@email.com,,low,2023-08-30,2024-03-14
CUST_00963,EXT_00200,userext_00200@email.com,BA,low,2023-12-15,2024-02-20
CUST_00964,EXT_00543,userext_00543@email.com,MG,,2023-01-28,2023-08-08
CUST_00965,EXT_00875,userext_00875@email.com,RJ,mid,2023-04-13,2023-06-09
CUST_00966,EXT_00420,userext_00420@email.com,BA,,2023-03-15,2023-05-04
CUST_00967,EXT_00884,userext_00884@email.com,,mid,2024-02-03,2024-01-24
CUST_00968,EXT_00500,userext_00500@email.com,MG,mid,2023-06-10,2023-10-20
CUST_00969,EXT_00060,userext_00060@email.com,SP,,2023-05-21,2023-06-13
CUST_00970,EXT_00780,userext_00780@email.com,RJ,mid,2023-09-08,2024-02-26
CUST_00971,EXT_00782,userext_00782@email.com,SP,mid,2023-11-11,2024-01-31
CUST_00972,EXT_00649,userext_00649@email.com,CE,,2023-08-08,2023-11-08
CUST_00973,EXT_00393,userext_00393@email.com,SP,low,2023-10-01,2023-10-22
CUST_00974,EXT_00749,userext_00749@email.com,MG,low,2023-06-14,2023-11-24
CUST_00975,EXT_00854,userext_00854@email.com,BA,mid,2023-01-10,2023-06-02
CUST_00976,EXT_00005,userext_00005@email.com,,mid,2023-04-26,2023-09-20
CUST_00977,EXT_00899,userext_00899@email.com,MG,high,2023-03-08,2023-03-04
CUST_00978,EXT_00393,userext_00393@email.com,BA,high,2023-03-27,2023-03-13
CUST_00979,EXT_00844,userext_00844@email.com,SP,high,2023-05-29,2023-08-23
CUST_00980,EXT_00746,userext_00746@email.com,BA,high,2023-08-11,2024-02-24
CUST_00981,EXT_00704,userext_00704@email.com,RJ,high,2023-09-08,2023-11-08
CUST_00982,EXT_00769,userext_00769@email.com,RJ,mid,2023-07-26,2023-06-30
CUST_00983,EXT_00234,userext_00234@email.com,RJ,mid,2023-04-19,2023-09-23
CUST_00984,EXT_00023,userext_00023@email.com,BA,mid,2023-03-05,2023-05-07
CUST_00985,EXT_00729,userext_00729@email.com,,low,2023-07-12,2024-01-22
CUST_00986,EXT_00656,userext_00656@email.com,MG,low,2023-11-01,2023-10-14
CUST_00987,EXT_00678,userext_00678@email.com,SP,low,2023-01-25,2023-06-20
CUST_00988,EXT_00119,userext_00119@email.com,CE,,2023-07-14,2023-07-15
CUST_00989,EXT_00561,userext_00561@email.com,MG,,2023-12-26,2024-01-04
CUST_00990,EXT_00211,userext_00211@email.com,,low,2023-06-04,2023-08-20
CUST_00991,EXT_00678,userext_00678@email.com,SP,high,2023-11-15,2024-03-19
CUST_00992,EXT_00718,userext_00718@email.com,RJ,,2023-02-23,2023-06-03
CUST_00993,EXT_00737,userext_00737@email.com,BA,low,2023-05-25,2023-05-24
CUST_00994,EXT_00804,userext_00804@email.com,SP,,2023-04-12,2023-08-15
CUST_00995,EXT_00205,userext_00205@email.com,MG,mid,2023-07-03,2023-11-30
CUST_00996,EXT_00420,userext_00420@email.com,MG,mid,2023-01-21,2023-05-11
CUST_00997,EXT_00509,userext_00509@email.com,RJ,,2023-06-19,2023-07-19
CUST_00998,EXT_00003,userext_00003@email.com,SP,low,2023-02-26,2023-08-28
CUST_00999,EXT_00588,userext_00588@email.com,,,2023-03-18,2023-03-11
CUST_01000,EXT_00799,userext_00799@email.com,BA,low,2024-01-06,2024-06-09
CUST_01001,EXT_00104,userext_00104@email.com,MG,mid,2023-08-22,2023-10-06
CUST_01002,EXT_00271,userext_00271@email.com,CE,low,2023-02-21,2023-08-18
CUST_01003,EXT_00179,userext_00179@email.com,SP,high,2023-07-04,2023-12-26
CUST_01004,EXT_00694,userext_00694@email.com,MG,,2024-01-14,2024-01-13
CUST_01005,EXT_00098,userext_00098@email.com,SP,low,2023-03-12,2023-07-29
CUST_01006,EXT_00663,userext_00663@email.com,RJ,high,2023-07-03,2024-01-17
CUST_01007,EXT_00449,userext_00449@email.com,BA,high,2024-01-11,2024-01-04
CUST_01008,EXT_00382,userext_00382@email.com,MG,mid,2023-02-28,2023-05-11
CUST_01009,EXT_00410,userext_00410@email.com,CE,high,2023-07-17,2023-12-10
CUST_01010,EXT_00872,userext_00872@email.com,CE,,2023-11-29,2024-06-12
CUST_01011,EXT_00817,userext_00817@email.com,RJ,low,2023-03-09,2023-08-04
CUST_01012,EXT_00744,userext_00744@email.com,SP,mid,2023-02-23,2023-05-10
CUST_01013,EXT_00605,userext_00605@email.com,CE,,2023-04-03,2023-08-07
CUST_01014,EXT_00389,userext_00389@email.com,MG,low,2023-12-17,2024-06-29
CUST_01015,EXT_00859,userext_00859@email.com,,mid,2023-09-05,2023-12-08
CUST_01016,EXT_00116,userext_00116@email.com,CE,,2023-01-24,2023-01-10
CUST_01017,EXT_00268,userext_00268@email.com,,high,2023-01-07,2023-06-06
CUST_01018,EXT_00890,userext_00890@email.com,,mid,2023-12-09,2024-06-19
CUST_01019,EXT_00347,userext_00347@email.com,BA,low,2023-08-10,2023-12-27
CUST_01020,EXT_00745,userext_00745@email.com,RJ,,2023-06-27,2023-11-13
CUST_01021,EXT_00693,userext_00693@email.com,,,2023-03-18,2023-09-18
CUST_01022,EXT_00847,userext_00847@email.com,BA,low,2023-01-06,2023-05-20
CUST_01023,EXT_00161,userext_00161@email.com,BA,,2023-09-11,2024-03-21
CUST_01024,EXT_00170,userext_00170@email.com,SP,,2023-06-14,2023-07-15
CUST_01025,EXT_00339,userext_00339@email.com,MG,low,2023-09-17,2023-10-14
CUST_01026,EXT_00564,userext_00564@email.com,,,2023-07-26,2024-01-21
CUST_01027,EXT_00241,userext_00241@email.com,SP,,2023-08-16,2024-02-07
CUST_01028,EXT_00587,userext_00587@email.com,CE,low,2023-09-13,2023-12-06
CUST_01029,EXT_00324,userext_00324@email.com,SP,,2024-01-17,2024-06-02
CUST_01030,EXT_00019,userext_00019@email.com,SP,,2023-07-31,2023-07-10
CUST_01031,EXT_00571,userext_00571@email.com,BA,low,2023-02-16,2023-08-07
CUST_01032,EXT_00619,userext_00619@email.com,BA,high,2023-09-18,2024-01-09
CUST_01033,EXT_00212,userext_00212@email.com,,,2023-06-24,2023-08-26
CUST_01034,EXT_00846,userext_00846@email.com,SP,mid,2023-08-21,2023-10-14
CUST_01035,EXT_00574,userext_00574@email.com,BA,,2024-01-02,2024-05-19
CUST_01036,EXT_00373,userext_00373@email.com,,,2023-02-28,2023-02-22
CUST_01037,EXT_00778,userext_00778@email.com,,mid,2023-01-02,2023-02-28
CUST_01038,EXT_00364,userext_00364@email.com,,high,2023-10-08,2024-01-19
CUST_01039,EXT_00383,userext_00383@email.com,,low,2023-01-24,2023-08-11
CUST_01040,EXT_00169,userext_00169@email.com,CE,mid,2024-01-03,2024-06-11
CUST_01041,EXT_00739,userext_00739@email.com,CE,low,2023-05-11,2023-09-14
CUST_01042,EXT_00201,userext_00201@email.com,RJ,low,2023-07-21,2023-08-15
CUST_01043,EXT_00469,userext_00469@email.com,RJ,high,2023-02-25,2023-08-07
CUST_01044,EXT_00425,userext_00425@email.com,SP,low,2024-01-31,2024-08-16
CUST_01045,EXT_00462,userext_00462@email.com,CE,mid,2023-09-13,2023-08-15
CUST_01046,EXT_00544,userext_00544@email.com,,low,2023-10-11,2023-12-30
CUST_01047,EXT_00859,userext_00859@email.com,BA,,2023-09-18,2024-03-05
CUST_01048,EXT_00182,userext_00182@email.com,,mid,2024-01-10,2024-07-06
CUST_01049,EXT_00132,userext_00132@email.com,SP,,2023-12-03,2024-04-04
CUST_01050,EXT_00621,userext_00621@email.com,MG,,2023-08-03,2023-12-06
CUST_01051,EXT_00710,userext_00710@email.com,RJ,high,2023-07-23,2023-09-18
CUST_01052,EXT_00302,userext_00302@email.com,CE,mid,2023-03-12,2023-05-26
CUST_01053,EXT_00617,userext_00617@email.com,,high,2023-12-26,2024-04-14
CUST_01054,EXT_00882,userext_00882@email.com,MG,mid,2023-04-13,2023-05-06
CUST_01055,EXT_00640,userext_00640@email.com,,high,2023-12-18,2024-02-14
CUST_01056,EXT_00689,userext_00689@email.com,RJ,mid,2023-09-15,2024-01-01
CUST_01057,EXT_00711,userext_00711@email.com,,high,2023-12-30,2023-12-29
CUST_01058,EXT_00780,userext_00780@email.com,MG,,2023-10-26,2024-02-19
CUST_01059,EXT_00684,userext_00684@email.com,,,2023-12-12,2024-05-21
CUST_01060,EXT_00862,userext_00862@email.com,BA,high,2023-08-05,2024-01-28
CUST_01061,EXT_00014,userext_00014@email.com,BA,low,2023-01-13,2023-03-21
CUST_01062,EXT_00149,userext_00149@email.com,SP,low,2023-04-13,2023-05-21
CUST_01063,EXT_00769,userext_00769@email.com,RJ,high,2023-12-16,2024-01-19
CUST_01064,EXT_00150,userext_00150@email.com,SP,high,2023-04-15,2023-09-24
CUST_01065,EXT_00555,userext_00555@email.com,SP,high,2023-08-20,2023-08-16
CUST_01066,EXT_00631,userext_00631@email.com,,mid,2024-01-16,2024-05-30
CUST_01067,EXT_00575,userext_00575@email.com,CE,mid,2023-09-19,2024-03-07
CUST_01068,EXT_00816,userext_00816@email.com,,high,2023-12-21,2024-05-09
CUST_01069,EXT_00049,userext_00049@email.com,CE,,2023-08-02,2024-01-20
CUST_01070,EXT_00702,userext_00702@email.com,MG,low,2023-01-07,2023-06-16
CUST_01071,EXT_00258,userext_00258@email.com,RJ,,2023-04-26,2023-09-05
CUST_01072,EXT_00722,userext_00722@email.com,,high,2024-01-22,2024-05-21
CUST_01073,EXT_00560,userext_00560@email.com,,mid,2024-02-02,2024-07-06
CUST_01074,EXT_00199,userext_00199@email.com,MG,,2023-04-01,2023-08-23
CUST_01075,EXT_00077,userext_00077@email.com,RJ,mid,2024-01-12,2024-04-22
CUST_01076,EXT_00123,userext_00123@email.com,CE,low,2023-08-08,2023-09-18
CUST_01077,EXT_00570,userext_00570@email.com,MG,mid,2023-03-24,2023-07-21
CUST_01078,EXT_00867,userext_00867@email.com,MG,low,2023-06-19,2023-09-16
CUST_01079,EXT_00727,userext_00727@email.com,RJ,low,2023-03-20,2023-05-11
CUST_01080,EXT_00612,userext_00612@email.com,SP,high,2023-09-09,2024-02-28
CUST_01081,EXT_00587,userext_00587@email.com,BA,high,2023-02-07,2023-07-27
CUST_01082,EXT_00725,userext_00725@email.com,MG,mid,2023-04-05,2023-07-17
CUST_01083,EXT_00070,userext_00070@email.com,BA,mid,2023-08-01,2023-11-18
CUST_01084,EXT_00550,userext_00550@email.com,CE,low,2023-06-28,2023-07-24
CUST_01085,EXT_00219,userext_00219@email.com,,high,2023-06-19,2023-08-20
CUST_01086,EXT_00301,userext_00301@email.com,RJ,,2023-10-15,2024-04-12
CUST_01087,EXT_00771,userext_00771@email.com,,low,2023-02-28,2023-07-19
CUST_01088,EXT_00355,userext_00355@email.com,CE,mid,2023-11-25,2024-03-31
CUST_01089,EXT_00637,userext_00637@email.com,RJ,low,2023-12-16,2024-06-29
CUST_01090,EXT_00329,userext_00329@email.com,CE,low,2023-07-17,2023-08-21
CUST_01091,EXT_00554,userext_00554@email.com,,high,2023-01-13,2023-04-25
CUST_01092,EXT_00842,userext_00842@email.com,MG,,2023-09-07,2023-08-19
CUST_01093,EXT_00304,userext_00304@email.com,,mid,2023-06-14,2023-09-23
CUST_01094,EXT_00085,userext_00085@email.com,SP,mid,2024-01-31,2024-05-17
CUST_01095,EXT_00547,userext_00547@email.com,SP,low,2023-04-18,2023-09-06
CUST_01096,EXT_00645,userext_00645@email.com,RJ,,2023-02-23,2023-03-17
CUST_01097,EXT_00551,userext_00551@email.com,,,2023-11-28,2024-05-25
CUST_01098,EXT_00074,userext_00074@email.com,,mid,2023-01-13,2023-04-10
CUST_01099,EXT_00735,userext_00735@email.com,MG,low,2023-02-14,2023-02-02
CUST_01100,EXT_00056,userext_00056@email.com,RJ,high,2023-10-13,2023-10-01
CUST_01101,EXT_00589,userext_00589@email.com,RJ,high,2023-07-28,2023-10-05
CUST_01102,EXT_00462,userext_00462@email.com,,,2023-08-10,2023-09-29
CUST_01103,EXT_00018,userext_00018@email.com,CE,low,2023-10-01,2023-09-02
CUST_01104,EXT_00657,userext_00657@email.com,,low,2024-01-23,2024-07-01
CUST_01105,EXT_00600,userext_00600@email.com,SP,low,2023-07-03,2023-10-09
CUST_01106,EXT_00109,userext_00109@email.com,MG,high,2023-11-07,2023-10-30
CUST_01107,EXT_00289,userext_00289@email.com,CE,,2023-07-22,2024-01-18
CUST_01108,EXT_00677,userext_00677@email.com,SP,,2023-03-22,2023-07-06
CUST_01109,EXT_00226,userext_00226@email.com,RJ,,2023-10-07,2023-11-21
CUST_01110,EXT_00650,userext_00650@email.com,RJ,high,2023-12-13,2024-06-27
CUST_01111,EXT_00815,userext_00815@email.com,,high,2023-01-06,2023-04-27
CUST_01112,EXT_00896,userext_00896@email.com,BA,mid,2023-03-05,2023-02-13
CUST_01113,EXT_00006,userext_00006@email.com,BA,,2023-10-03,2024-01-21
CUST_01114,EXT_00088,userext_00088@email.com,MG,mid,2024-01-19,2024-06-26
CUST_01115,EXT_00744,userext_00744@email.com,MG,mid,2023-07-31,2023-12-13
CUST_01116,EXT_00872,userext_00872@email.com,BA,mid,2023-03-24,2023-04-10
CUST_01117,EXT_00227,userext_00227@email.com,BA,high,2023-04-10,2023-04-09
CUST_01118,EXT_00186,userext_00186@email.com,,low,2024-01-20,2024-05-09
CUST_01119,EXT_00473,userext_00473@email.com,,low,2023-05-29,2023-10-17
CUST_01120,EXT_00069,userext_00069@email.com,MG,low,2023-04-12,2023-09-14
CUST_01121,EXT_00595,userext_00595@email.com,CE,high,2023-07-02,2023-07-04
CUST_01122,EXT_00688,userext_00688@email.com,,mid,2023-02-21,2023-04-04
CUST_01123,EXT_00635,userext_00635@email.com,SP,mid,2023-06-12,2023-09-14
CUST_01124,EXT_00462,userext_00462@email.com,MG,high,2023-12-22,2024-04-19
CUST_01125,EXT_00157,userext_00157@email.com,BA,high,2023-06-11,2023-08-29
CUST_01126,EXT_00173,userext_00173@email.com,SP,high,2023-05-07,2023-10-25
CUST_01127,EXT_00227,userext_00227@email.com,,,2023-05-22,2023-11-23
CUST_01128,EXT_00369,userext_00369@email.com,RJ,high,2023-09-03,2023-11-30
CUST_01129,EXT_00457,userext_00457@email.com,MG,high,2023-09-07,2023-12-27
CUST_01130,EXT_00112,userext_00112@email.com,RJ,low,2023-05-24,2023-11-29
CUST_01131,EXT_00847,userext_00847@email.com,RJ,mid,2023-05-15,2023-10-19
CUST_01132,EXT_00642,userext_00642@email.com,SP,low,2023-01-10,2023-07-16
CUST_01133,EXT_00520,userext_00520@email.com,,low,2023-10-25,2024-02-20
CUST_01134,EXT_00415,userext_00415@email.com,BA,mid,2023-01-19,2023-05-10
CUST_01135,EXT_00267,userext_00267@email.com,BA,,2023-12-01,2024-05-17
CUST_01136,EXT_00153,userext_00153@email.com,MG,,2023-04-25,2023-11-09
CUST_01137,EXT_00791,userext_00791@email.com,BA,high,2023-03-10,2023-06-06
CUST_01138,EXT_00514,userext_00514@email.com,BA,low,2023-07-23,2023-09-24
CUST_01139,EXT_00515,userext_00515@email.com,SP,mid,2023-11-11,2024-04-04
CUST_01140,EXT_00170,userext_00170@email.com,BA,mid,2023-08-17,2023-08-27
CUST_01141,EXT_00184,userext_00184@email.com,BA,mid,2024-01-12,2024-06-17
CUST_01142,EXT_00496,userext_00496@email.com,MG,low,2023-04-23,2023-10-04
CUST_01143,EXT_00500,userext_00500@email.com,RJ,low,2023-05-16,2023-07-19
CUST_01144,EXT_00240,userext_00240@email.com,SP,mid,2023-09-23,2024-03-13
CUST_01145,EXT_00370,userext_00370@email.com,CE,,2023-08-21,2024-03-03
CUST_01146,EXT_00048,userext_00048@email.com,SP,high,2023-02-22,2023-07-22
CUST_01147,EXT_00534,userext_00534@email.com,,high,2024-01-15,2024-02-21
CUST_01148,EXT_00593,userext_00593@email.com,BA,mid,2023-07-12,2023-11-26
CUST_01149,EXT_00388,userext_00388@email.com,MG,low,2023-09-22,2023-10-26
CUST_01150,EXT_00386,userext_00386@email.com,RJ,,2023-06-30,2023-12-26
CUST_01151,EXT_00889,userext_00889@email.com,MG,,2023-09-04,2024-03-19
CUST_01152,EXT_00619,userext_00619@email.com,SP,mid,2023-08-14,2023-08-26
CUST_01153,EXT_00236,userext_00236@email.com,SP,high,2023-04-19,2023-04-27
CUST_01154,EXT_00192,userext_00192@email.com,RJ,high,2023-11-05,2024-04-06
CUST_01155,EXT_00837,userext_00837@email.com,SP,mid,2023-08-01,2024-01-25
CUST_01156,EXT_00339,userext_00339@email.com,,low,2023-09-04,2024-01-24
CUST_01157,EXT_00491,userext_00491@email.com,CE,mid,2023-10-30,2023-11-10
CUST_01158,EXT_00663,userext_00663@email.com,CE,low,2023-05-05,2023-04-16
CUST_01159,EXT_00131,userext_00131@email.com,BA,mid,2023-03-10,2023-07-19
CUST_01160,EXT_00525,userext_00525@email.com,SP,mid,2023-01-29,2023-02-10
CUST_01161,EXT_00265,userext_00265@email.com,RJ,,2023-11-03,2024-02-25
CUST_01162,EXT_00653,userext_00653@email.com,SP,high,2023-02-13,2023-03-10
CUST_01163,EXT_00460,userext_00460@email.com,BA,,2023-09-04,2023-09-17
CUST_01164,EXT_00225,userext_00225@email.com,CE,mid,2023-10-26,2024-04-23
CUST_01165,EXT_00786,userext_00786@email.com,RJ,high,2023-03-27,2023-08-29
CUST_01166,EXT_00703,userext_00703@email.com,MG,,2023-11-02,2024-03-02
CUST_01167,EXT_00071,userext_00071@email.com,RJ,,2023-07-17,2023-07-20
CUST_01168,EXT_00112,userext_00112@email.com,SP,mid,2023-09-25,2024-04-02
CUST_01169,EXT_00517,userext_00517@email.com,,,2023-03-18,2023-07-21
CUST_01170,EXT_00099,userext_00099@email.com,RJ,,2023-11-11,2024-03-13
CUST_01171,EXT_00040,userext_00040@email.com,BA,low,2023-02-17,2023-05-21
CUST_01172,EXT_00676,userext_00676@email.com,RJ,low,2024-02-01,2024-06-23
CUST_01173,EXT_00665,userext_00665@email.com,CE,,2023-07-09,2024-01-18
CUST_01174,EXT_00045,userext_00045@email.com,,,2023-04-28,2023-10-20
CUST_01175,EXT_00494,userext_00494@email.com,CE,high,2023-10-29,2024-04-21
CUST_01176,EXT_00760,userext_00760@email.com,,low,2023-08-06,2023-08-10
CUST_01177,EXT_00261,userext_00261@email.com,CE,mid,2023-02-12,2023-03-26
CUST_01178,EXT_00613,userext_00613@email.com,BA,,2023-05-12,2023-05-30
CUST_01179,EXT_00006,userext_00006@email.com,,low,2023-10-23,2024-02-03
CUST_01180,EXT_00121,userext_00121@email.com,BA,low,2023-07-12,2023-11-26
CUST_01181,EXT_00211,userext_00211@email.com,,high,2023-07-29,2023-09-29
CUST_01182,EXT_00110,userext_00110@email.com,RJ,,2023-11-30,2024-03-28
CUST_01183,EXT_00260,userext_00260@email.com,MG,,2023-10-17,2023-12-19
CUST_01184,EXT_00627,userext_00627@email.com,MG,,2024-01-22,2024-02-13
CUST_01185,EXT_00424,userext_00424@email.com,BA,,2023-04-02,2023-06-05
CUST_01186,EXT_00573,userext_00573@email.com,BA,,2023-05-10,2023-06-27
CUST_01187,EXT_00592,userext_00592@email.com,MG,,2024-01-12,2024-01-17
CUST_01188,EXT_00876,userext_00876@email.com,,low,2024-01-18,2024-02-15
CUST_01189,EXT_00458,userext_00458@email.com,,mid,2023-02-21,2023-03-17
CUST_01190,EXT_00521,userext_00521@email.com,CE,high,2023-10-09,2024-02-13
CUST_01191,EXT_00714,userext_00714@email.com,,low,2023-03-24,2023-06-01
CUST_01192,EXT_00652,userext_00652@email.com,SP,low,2023-03-16,2023-06-14
CUST_01193,EXT_00615,userext_00615@email.com,CE,low,2023-02-02,2023-03-11
CUST_01194,EXT_00228,userext_00228@email.com,MG,low,2023-11-08,2023-10-18
CUST_01195,EXT_00742,userext_00742@email.com,CE,,2023-11-11,2024-03-27
CUST_01196,EXT_00534,userext_00534@email.com,MG,low,2024-02-01,2024-07-29
CUST_01197,EXT_00180,userext_00180@email.com,,,2023-08-13,2023-07-16
CUST_01198,EXT_00207,userext_00207@email.com,,high,2023-04-10,2023-03-19
CUST_01199,EXT_00803,userext_00803@email.com,BA,mid,2023-11-11,2023-11-24
